"Ticker","Ticker.A"
"AA","246a0b27"
"AAC","5899ff6"
"AACGRP","748ac7ef"
"AACI","d9953649"
"AACN","c49006f1"
"AAGLF","1aa6ec9d"
"AAII","7de56907"
"AAIR","14f49b5f"
"AAL","f4df2d23"
"AALLN","ab9f72a6"
"AAP","80cbefc3"
"AAPL","df6e21a9"
"AASCC","44d23216"
"ABC","3461856b"
"ABCD","eb842274"
"ABCSUP","a2eb7db3"
"ABD","2964b5d3"
"ABEGET","d54fe530"
"ABF","64ac14d8"
"ABG","aff0c77d"
"ABGSM","d87accbc"
"ABH","5ea675a8"
"ABIZ","76281ed1"
"ABN","88ff96b5"
"ABP","b123f55e"
"ABS","37b787f0"
"ABY","962ca496"
"ACACN","e8243f18"
"ACASPO","c367a1e2"
"ACCINC","40c9836f"
"ACCO","4de9d229"
"ACCOBR","898c31a2"
"ACCOR","19b590f1"
"ACEHAR","c1bb5bac"
"ACF","c2db1f6c"
"ACHC","382c46a8"
"ACI","338dadb9"
"ACINDA","369afead"
"ACIW","61c0d91"
"ACLI","6df841dd"
"ACM","a81cefaf"
"ACMETE","ca536d2f"
"ACMP","ef56193a"
"ACOM","c7811956"
"ACOSTA","c5e03f13"
"ACP","1754feea"
"ACS","91c08c44"
"ACURID","66609bdf"
"ACUZ","1afce8f5"
"ACW","a51ce52"
"ADAGRO","4ed59463"
"ADAMS","633238c9"
"ADGLHO","a30b323f"
"ADLAC","3c4145f7"
"ADLAE","ea18a6ea"
"ADLT","d8755981"
"ADNT","4fea48a8"
"ADO","2073702a"
"ADSI","f6aba4e3"
"ADSL","a6663550"
"ADSWST","7f3e3653"
"ADT","49628272"
"ADVANS","94718606"
"ADVDIR","d26a6549"
"ADVGLA","8b9f3d38"
"ADVHLD","272be27"
"ADVP","804ad817"
"AEAROC","e487fd67"
"AEE","279f58f8"
"AEN","4d58a83b"
"AEPI","be9bee0"
"AER","394c6adb"
"AES","f210b97e"
"AESDOM","e66fce4c"
"AESEAS","4326d664"
"AESIRN","fdf7543d"
"AESK","77c90576"
"AESKE","fc88ce60"
"AESRED","dfc4f866"
"AETC","5e3db995"
"AETINC","8576dc90"
"AFCE","a492ff2b"
"AFCENT","ef9c6f47"
"AFFGAM","35bf0ecf"
"AFFGRP","dcc199d9"
"AFFIN","c062c00"
"AFFINI","4dec2e02"
"AFFNEW","7cf2100a"
"AFG","5bbfe36e"
"AFGR","4e0ee91b"
"AFI","61b5821e"
"AFKSRU","85b2d0ec"
"AFM","fa24c008"
"AFRLN","a6cf3c76"
"AFS","c3f8a3e3"
"AG","f233e83a"
"AGACN","b5c86e14"
"AGCC","be611ca8"
"AGCO","c9a3dcd3"
"AGCX","d770eef0"
"AGI","c7c289aa"
"AGICN","662d75a1"
"AGILE","faa2f58b"
"AGLIM","c295625"
"AGP","e31bdaf9"
"AGTC","1c18bee8"
"AGUILA","4cafa8cc"
"AGY","c4148b31"
"AGYH","17082feb"
"AGYS","7e19ddb3"
"AH","3655aef"
"AHC","9011da25"
"AHEREN","547b6b4b"
"AHERN","2f923845"
"AHG","b809833"
"AHI","318af943"
"AHMSA","ab569a91"
"AHOLD","2828e078"
"AHPHPI","77b4c247"
"AHS","93c7d8be"
"AHTLN","a862ee63"
"AIMC","fbd475c7"
"AIMEGR","95944996"
"AIQ","78787201"
"AIR","feec00af"
"AIRBUS","d735936d"
"AIRCAN","37463a6b"
"AIRM","5048f890"
"AIRXCL","ccc0a734"
"AJECBV","cabd34bb"
"AJRD","f9c8aebb"
"AK","85f12841"
"AKCOMM","9e93b1f1"
"AKIHLD","8000680a"
"AKS","a22fc223"
"ALADDI","1da999d"
"ALBECC","90c1b82e"
"ALBHSA","21d2903a"
"ALBLLC","79c6d3ec"
"ALCOUC","12741951"
"ALDAR","9cf62d64"
"ALERIS","2578b000"
"ALESTR","24879e35"
"ALG","ffcfbc20"
"ALGCN","f1f2f94e"
"ALGSCO","174005b6"
"ALGT","99716ce"
"ALGX","7e55d6b5"
"ALISCI","9db3d39"
"ALJ","4351affe"
"ALLBRI","32f4deb9"
"ALLE","c31a930a"
"ALLGUS","1dfecfae"
"ALLSYS","22af9a0b"
"ALLY","b70e51ea"
"ALLYD","cead05fe"
"ALMO","c4f6bbd8"
"ALO","139c3e4d"
"ALONRE","2b143748"
"ALPFIN","849699aa"
"ALPNAT","c6d1ed85"
"ALPSHI","bbf9de9"
"ALPTHR","686b66a8"
"ALR","acd42f08"
"ALRM","18a8f6f4"
"ALROSA","87d7db52"
"ALRS","2174951f"
"ALRSRU","92f3b40f"
"ALSK","68861e5d"
"ALSN","384b8fee"
"ALSPVE","fc9e8127"
"ALTFIC","65e4db78"
"ALTFIN","d97ac8a6"
"ALTHBD","6f6cad08"
"ALTHDS","126faa11"
"ALTICE","ceed7587"
"ALTMES","fcf8afc1"
"ALTRAI","f6189a8"
"ALTRAN","1264b910"
"ALTUSF","4b3bf83"
"ALUFP","a4888354"
"ALY","c613dfcb"
"ALYD","3da0f3c6"
"AM","53a8cb5c"
"AMAG","23af535f"
"AMAIND","6df3abe2"
"AMBCSC","deb24659"
"AMBWQ","cf78ebfa"
"AMC","c229f582"
"AMCARE","fbc2bdce"
"AMCELL","6f66056f"
"AMCENT","177c94b0"
"AMCLD","3510b078"
"AMCOM","23f7fb2d"
"AMCX","46b0f238"
"AMD","df2cc53a"
"AME","1470169f"
"AMEACH","f5ef40e0"
"AMECAS","4944a4ec"
"AMECEL","4f8b30b1"
"AMEGIL","c61543f"
"AMEGRE","4eb7cdc3"
"AMENUT","5cd53958"
"AMEPER","84636592"
"AMERCO","1ade4690"
"AMERIQ","87727a35"
"AMERTR","7eff595"
"AMES","4fa737c1"
"AMETEC","c8a3ba56"
"AMETIS","cd5d2b9"
"AMETPR","35cfd801"
"AMETRU","bf55f990"
"AMFGRP","2421622e"
"AMFM","47934eb7"
"AMI","63b2d6e4"
"AMID","96d46f96"
"AMISEM","1e58212b"
"AMKR","d4c49f39"
"AMLAW","8a5b321"
"AMOESC","e992a889"
"AMPAM","81fcb6b8"
"AMPETR","97c6ca99"
"AMPIPG","673d68ed"
"AMPP","fcd5f606"
"AMR","aa324bc"
"AMRLHD","d38eee08"
"AMRMED","7ef38f56"
"AMRSLT","818ceb07"
"AMSG","d3eedeb8"
"AMSIND","efc5c115"
"AMSN","f4e18f70"
"AMSTD","1d9a53fa"
"AMSV","1b640f86"
"AMT","dcfac7a1"
"AMTL","7c8e10f5"
"AMTR","4552731e"
"AMWD","a1358805"
"AMWOOD","d231922a"
"AMZG","46769b6b"
"AMZN","6179caa3"
"AN","d53cb9f2"
"ANCO","d6ecc7f8"
"ANDX","d98cb55"
"ANKER","9f6f335d"
"ANL","2975dca"
"ANN","4f5ffcc1"
"ANPCN","a97ae9fa"
"ANPI","5683a2b6"
"ANR","3b4b3e21"
"ANSCN","27f5ee19"
"ANTEON","30d02a42"
"ANTERO","fd8504e9"
"ANTHCR","18619707"
"ANTMID","217e27ab"
"ANTTEN","24b144b9"
"ANUE","73794d6a"
"ANVILK","28ac9ca5"
"AOI","f42dc7cd"
"AOR","9d3c3595"
"AOT","4b65d688"
"APA","89e8a987"
"APAM","658a54c3"
"APAMNA","6b243ef3"
"APC","c420088c"
"APCS","cbc92601"
"APEXTO","fb37f240"
"APFC","9a270b3d"
"APFH","f0e0fbfe"
"APGR","f4dad1b7"
"APGRD","db34fc37"
"APH","aee7f84f"
"APHOLD","42f00f4f"
"APL","3576ba59"
"APLP","bb152446"
"APN","78be1b52"
"APOLLZ","91c2068e"
"APP","416278b9"
"APPGF","d564d667"
"APPPAP","9e3edec"
"APRA","447e12eb"
"APS","c7f60a17"
"APSI","e5a9b32"
"APSO","d803782f"
"APU","11afe90a"
"APXSEC","4db91c31"
"APY","666d2971"
"AQUILE","fd8e1b75"
"AR","a1287b12"
"ARAGRP","96e5d582"
"ARBRES","bfde06e6"
"ARC","53bf19a5"
"ARCH","e0fdd324"
"ARCHER","8e82ece3"
"ARCHIB","4af4840c"
"ARCP","f7853d2"
"ARDENT","a5b8231c"
"ARDFIN","4cdd3b8c"
"ARDSEC","3b87d69"
"ARDX","268cef31"
"AREX","80fbe485"
"ARG","c82e5bb3"
"ARGID","901b1c85"
"ARGIHC","b6990d8f"
"ARGL","8f23b521"
"ARGOT","f01d2b24"
"ARGRP","6d85943c"
"ARICA","712cc04a"
"ARII","8fd15fcf"
"ARLP","f930233b"
"ARM","69b578d5"
"ARMAUT","e8885389"
"ARMK","3656dad7"
"ARMKEL","f1135379"
"ARMS","d9d35a21"
"ARNC","ebed4227"
"ARP","d6fd6990"
"ARS","50691b3e"
"ARSERV","80af5b15"
"ARTSNG","36ee29f4"
"ARTT","3690b384"
"ARUINV","464c16a"
"ARV","a48a8d"
"ARW","cbf85928"
"ARXX","86f2198b"
"AS","6a74a8b7"
"ASATEC","ac285a01"
"ASATFN","215e5342"
"ASCA","b588272"
"ASCLER","e50a8927"
"ASCMA","a7a8b39c"
"ASCRES","4767799b"
"ASD","e8cd22a9"
"ASH","9f0fe2d2"
"ASHWOO","5db6748c"
"ASIAAL","26b25190"
"ASLAU","216f8bc9"
"ASPECT","da813a9f"
"ASSASP","9b09d678"
"AST","eb1b2032"
"ASTONM","53a345c8"
"ASTOR","c30beab2"
"AT","7771980f"
"ATACN","208510a0"
"ATAH","b10dcb8a"
"ATCNA","f221c4c8"
"ATCOA","5456cf7c"
"ATD","2d6a1c27"
"ATEL","ded3ad8f"
"ATEN","931b0c84"
"ATENTO","48086a96"
"ATEXE","abd126ad"
"ATHCN","3fca0b8b"
"ATHHOL","9c653edc"
"ATHL","bf04cc4f"
"ATI","91f40ff9"
"ATIAU","deee864"
"ATK","dc3caef2"
"ATKORE","8e2ba7c6"
"ATLASE","59b7d389"
"ATLBRD","ba130c7b"
"ATLS","b9cb5812"
"ATN","8cf13f41"
"ATPCN","90942115"
"ATPG","81f2ee25"
"ATRCOS","a615a2b"
"ATRK","61af3f77"
"ATTC","ee2c8820"
"ATU","e5e0cd19"
"ATVI","d828ba6f"
"ATW","a8286c12"
"ATWIDR","186d84f3"
"ATX","597edec7"
"ATXCN","43713aa0"
"AUQCN","4b4535c8"
"AURD","5c538d3c"
"AURF","119b2c37"
"AUTAU","fd2bd8dd"
"AUTGIL","83a3c311"
"AUTOCM","3f6a544f"
"AV","3ab93904"
"AVA","ea389cbd"
"AVACAB","36c5ec1"
"AVACOM","a2059749"
"AVATEC","4a019145"
"AVDO","bc15d3e8"
"AVDOC","3dad4fe8"
"AVDOE","ebf4acf5"
"AVECIA","ebfb3304"
"AVGO","8dfdc975"
"AVHI","adec5a81"
"AVI","66b1ed0"
"AVIS","a9d670c8"
"AVIV","f91be17b"
"AVIVHC","d22b55e0"
"AVL","56a68f63"
"AVNS","6c714e46"
"AVO","d032fdcd"
"AVOL","3886f5bc"
"AVONDL","3899de55"
"AVONE","10e9bb17"
"AVP","22b24d83"
"AVR","6f7aec88"
"AVS","a4263f2d"
"AVT","b9230f95"
"AVYA","80164f96"
"AVYAUS","d4ad036"
"AW","f1e5eaa1"
"AWA","4c4f9709"
"AWE","d7ded51f"
"AWGICN","ee2981ef"
"AWIN","da346113"
"AWINNA","bcaf8071"
"AXA","ba07e7e0"
"AXAS","8fb32c9d"
"AXCA","56329e24"
"AXE","2196a5f6"
"AXIA","f242c16a"
"AXL","699f43e"
"AXLL","1ce4fd13"
"AXTA","f44b3c64"
"AXTEL","dcf248ca"
"AY","cbef8bd1"
"AYE","87e1ae42"
"AYR","99329c61"
"AZR","a8da86fc"
"AZX","941a59a"
"BAH","e1c168d6"
"BAHIA","678c5a2d"
"BAKERC","91d774be"
"BARAK","18831acf"
"BARBRO","ecb349f6"
"BARPTY","6472ab1c"
"BARXPL","10c30792"
"BARY","22679f6d"
"BAS","88d09a8e"
"BASLNV","6ae5ea6e"
"BBALN","e220e0b1"
"BBBB","a227f618"
"BBBY","cb360440"
"BBC","baee8288"
"BBDBCN","d2ab8dd1"
"BBEP","299e6b06"
"BBG","217fc09e"
"BBI","1b75a1ee"
"BBPLC","eeafc2da"
"BBY","18a3a375"
"BC","584ab0b1"
"BCB","d7c55a99"
"BCBCN","8d9c83f8"
"BCC","1c99893c"
"BCE","cac06a21"
"BCEI","c1ed38cb"
"BCF","4c54188f"
"BCFACT","3f5de877"
"BCI","bd02aa5a"
"BCMPY","1c592524"
"BCO","6b5b4947"
"BCOHOL","a494af85"
"BCPLU","2c5b371f"
"BCU","c91668ba"
"BCULC","b134d8fd"
"BCYR","8823c29"
"BD","454f8009"
"BDC","d93eb7b2"
"BDCUS","9e11561e"
"BDT","c7ed8591"
"BDVU","e90a7561"
"BEARCR","724f202c"
"BEARIS","1d63acc7"
"BEAV","14da511"
"BEC","7f49bc06"
"BECN","795734ce"
"BELD","2e846741"
"BELW","abc61774"
"BENEDK","3af6ba12"
"BERRY","5d476e00"
"BERRYP","69643c13"
"BERTIN","f109cab1"
"BERY","a62d9197"
"BETTER","31a71baf"
"BEV","2c522f2e"
"BEVMO","9d146d5b"
"BEXP","25529f11"
"BEZ","5b90ef55"
"BFI","ef3a85fd"
"BFS","4d77a400"
"BFSAUL","d4a80d0f"
"BFT","507294b8"
"BFTH","83f87270"
"BG","c3dbf2a7"
"BGC","e8d6ad2f"
"BGF","b81b3c9c"
"BGFIND","875230e3"
"BGFOOD","e74a32d0"
"BGG","7347ef39"
"BGS","eb00afb4"
"BHCCN","c3631dbb"
"BHW","86d99d4b"
"BID","a5ece6ca"
"BIGBRS","6d27ccdc"
"BIGSKY","8eeb0712"
"BIGT","78fa246f"
"BIGTEX","1f4da6f3"
"BIGV","35328564"
"BILOLF","108d336b"
"BIMCN","c1921bca"
"BIO","cf2b1609"
"BIOS","56105ab0"
"BKC","2f76c75b"
"BKI","8eede43d"
"BKR","e7fc1665"
"BKS","2ca0c5c0"
"BKST","a94e9bcf"
"BKW","b73187d6"
"BLAZE","442b6214"
"BLBIRD","82206ca2"
"BLC","ead1f9d5"
"BLD","f7d4c96d"
"BLDGMT","76f0e9a6"
"BLDR","d7abd38b"
"BLELK","fe65a46a"
"BLG","7140bbc3"
"BLL","1b874b00"
"BLOCKC","dec7e98"
"BLT","f402cbf6"
"BLUD","c38da577"
"BLUERD","1d2e5655"
"BLULNE","69436861"
"BLURAC","2063d88c"
"BLUWAT","7650e4cb"
"BLY","489cd828"
"BLYAU","8d7a8225"
"BMC","4ca6f261"
"BMCAUS","720804c7"
"BMCH","7cebcc66"
"BMET","6b2f3bbc"
"BMTN","8cb8d3b"
"BMXAU","56ab96f8"
"BN","e4d4a36f"
"BNBRAS","efe12592"
"BNNY","5b397b7b"
"BNO","a8c2887"
"BNRMLN","382534e1"
"BOCB","9f55e87d"
"BOEHOL","2b86c595"
"BOG","40a8a15e"
"BOGA","ed8ebec0"
"BOISE","3bdb00b7"
"BOL","2a6f519d"
"BOMB","cf6a9320"
"BOMREC","2803a7f5"
"BONT","2b0d683b"
"BONTEN","6b7f8169"
"BOOTH","848d2460"
"BOP","5e7b937d"
"BOR","13b33276"
"BORDEN","5d300127"
"BORFIN","d8b56c2e"
"BORGAT","85bd032a"
"BOSS","3001a58d"
"BOW","437ea3c5"
"BPL","bbf9bdba"
"BR","90c0618f"
"BRAND","78e4908f"
"BRANDI","309f520f"
"BRASKM","baf8440a"
"BRCD","aeb22f9a"
"BRCM","89bd7e52"
"BRECOM","6fe0003e"
"BRFSBZ","55d25e33"
"BRIDAS","eaf2e285"
"BRILL","d0cd187e"
"BRK","31639c2b"
"BRKMAN","6403c06d"
"BRLUNI","4471c76b"
"BRMLBZ","721ce369"
"BRNO","a5a2be99"
"BRODER","a6fb6cb9"
"BRP","58726e73"
"BRPCN","8b9e39c"
"BRPRSA","ee1a0074"
"BRR","15bacf78"
"BRRP","f75cf86d"
"BRS","dee61cdd"
"BRSAU","78b8070e"
"BRSS","d7bf8177"
"BRSTNE","8c608a2e"
"BRUINE","18c4d75e"
"BRUNBO","743a9755"
"BRW","45775ecb"
"BRX","b421ec1e"
"BRY","7f7d3fbb"
"BRYLNE","b6102a2e"
"BRZS","4227c4a4"
"BS","5b9cb22a"
"BSLAU","ca5830ca"
"BSPT","37f8abcc"
"BSTA","90ac1cf7"
"BSX","1256e7aa"
"BSY","d90a340f"
"BTACMG","916133a"
"BTE","68b9c861"
"BTECN","4ff8a559"
"BTH","d427dbbf"
"BTITEL","9d9837b4"
"BTN","27e38a2"
"BTU","6b6fcafa"
"BUFLO","eb1815b5"
"BUH","7250d00b"
"BUHRMN","dd69ae22"
"BULOPE","bf5d619"
"BUMBLB","3af01189"
"BUMBLE","27f52131"
"BUMIIJ","d9f1a015"
"BUR","d01df1f6"
"BURKE","77d5378c"
"BURL","898d3394"
"BURPHI","e99f7eaf"
"BUS","1b412253"
"BVF","79b2abe6"
"BWGRP","cc256a70"
"BWS","8cde337a"
"BWXT","805deb51"
"BWY","2d45101c"
"BXECN","a9cc564d"
"BXG","e2d1031e"
"BY","fa07914c"
"BYD","c2327a04"
"BYX","b626b8e4"
"BZ","7c93e3e2"
"BZH","8418a0e2"
"CA","b3f51a0e"
"CAA","a643980"
"CABCOR","f4163892"
"CABO","874df666"
"CABOT","29458bc9"
"CACC","56f83da9"
"CADDY","51b3c56a"
"CAG","dc3dda9d"
"CAI","e637bbed"
"CAICOS","bd1f75ea"
"CAL","b6fa2a5e"
"CALC","a0b04d40"
"CALCAP","21233956"
"CALMAR","79618a6f"
"CALNOR","a7d1f6d1"
"CALRES","e3e95e5e"
"CALSTL","1c6a79f4"
"CAMEBO","335f8e41"
"CAMFIN","748b0efd"
"CAMUZZ","48cefeeb"
"CANAND","23ff26c9"
"CANENR","723ac9b5"
"CANWES","85ff78bc"
"CAO","306e58f0"
"CAPBCT","ab73db92"
"CAPELL","b87b2294"
"CAPROC","ebbb2ee"
"CAPSUG","9a2e33e6"
"CAR","8f2649b5"
"CARBEE","2edf1710"
"CARGIL","869022c8"
"CARGRO","65dd9852"
"CARLTV","7fbee26d"
"CARMLI","15a58014"
"CARONE","b7dd563b"
"CARROL","d11b28bd"
"CARTER","8ad81d9f"
"CARTRH","8aec9e22"
"CARWAG","a303ad47"
"CAS","447a9a10"
"CASCN","fcb9f1f5"
"CASHAR","42f809ab"
"CATM","ce8bfe99"
"CAW","dfebd806"
"CAWS","c6bf87ef"
"CBB","bd1851b3"
"CBDMED","84e56e1"
"CBG","edd5c000"
"CBL","871230c3"
"CBMAS","84d2ee45"
"CBRES","d506e9d1"
"CBRNA","991f1ebb"
"CBS","7592808d"
"CBSOAM","518a0bff"
"CBSR","772377ba"
"CC","fe3dbb05"
"CCACN","ecd1ef25"
"CCCON","6954822c"
"CCG","4ba2cbb4"
"CCI","71a8aac4"
"CCIL","41fbd74f"
"CCIX","d9bc97c2"
"CCK","3c600bcf"
"CCLP","67d73a08"
"CCMC","44e24189"
"CCMM","7ee820f9"
"CCMO","332081f2"
"CCO","a7f149d9"
"CCOI","72e673c6"
"CCPR","8a616db9"
"CCRUCN","55433ae6"
"CCS","d3e58b39"
"CCSINC","b46578df"
"CCTCN","d88ad06a"
"CCTRH","cf7aa40d"
"CCU","5bc6824"
"CDB","dec86489"
"CDE","c3cd5431"
"CDELB","8d703c84"
"CDG","8e05f53a"
"CDK","f9c73541"
"CDMS","4df14a0b"
"CDO","62567757"
"CDRD","c2b4940f"
"CDRSM","9bce5a44"
"CDS","1642b5b7"
"CDWC","8d898b10"
"CE","28645818"
"CEB","78bf6f3d"
"CEC","b3e3bc98"
"CECASE","160e4f4f"
"CEDARB","c91d198a"
"CEDC","17150ddd"
"CEELET","32955bde"
"CEGENE","c9a1edb7"
"CEI","12789ffe"
"CEIX","1fd39e45"
"CEL","42b50e4d"
"CELEST","85775f5a"
"CELLSA","c923d759"
"CELS","272c4121"
"CELTIS","ebcd9dd7"
"CEM","89e9dde8"
"CEMEX","7e3b575c"
"CEMMZ","1cb830"
"CEN","f7daf46"
"CENCHI","b77fa72a"
"CENESC","b55245ff"
"CENINT","fa279f9d"
"CENREP","4260a40c"
"CENT","adb660b0"
"CENTC","580c359d"
"CENTEL","f01b6f6b"
"CENX","da74a0cb"
"CEQUEL","4fc8e255"
"CERBER","39e78549"
"CERPLC","5a6b27f2"
"CESPBZ","39f61bbf"
"CETV","23d0023b"
"CEXP","32298b52"
"CF","aef02ab6"
"CFCN","e0a3276e"
"CFGINV","f07b33ce"
"CFGSP","3e2b5cc8"
"CFISH","c424ce0c"
"CFPHLD","2df1ae51"
"CFVRES","38db8dc8"
"CFW","1a4ce688"
"CFWCN","1c9292c6"
"CGCCN","f318b954"
"CGF","74b13c02"
"CGGFP","1cb6fbe2"
"CGM","1e76ccc1"
"CGO","53be6dca"
"CGP","a13edd84"
"CGPHLC","df36f5d7"
"CGSCN","8fa3887f"
"CGV","77673e99"
"CHAODA","e1641e1d"
"CHAP","5b6a479e"
"CHAPAR","93856208"
"CHAPS","87fae6ee"
"CHARTI","8d572444"
"CHARTR","e446d61c"
"CHASSX","4cd0cb6a"
"CHB","19680efd"
"CHBANI","8540edc9"
"CHCOCH","2d3a59dd"
"CHD","cf31ede0"
"CHDN","308e0bd2"
"CHE","46d3e45"
"CHEDOW","366ae63b"
"CHEFB","cf3490de"
"CHEINT","8d8c8af0"
"CHEMRS","b4bd4208"
"CHGNF","256f9bd2"
"CHH","b8f32d9b"
"CHIEFA","5ce3b1e4"
"CHILES","3c5a13c2"
"CHILGE","7e4ae36d"
"CHINPR","80c57473"
"CHIPPC","217e8654"
"CHIVOR","be0db2ca"
"CHK","3e675f35"
"CHKM","40520995"
"CHKOIL","a903e69d"
"CHKOUT","e6f890d1"
"CHKR","b2d2b9db"
"CHMFRU","84561f5b"
"CHMT","75b6ffc"
"CHO","a5f61d23"
"CHOCTW","cc58ad88"
"CHOGRP","36c7a6f0"
"CHOPR","592c2779"
"CHPC","1f81a0d1"
"CHPE","c9d843cc"
"CHRYGR","7a5732ad"
"CHTR","234455fc"
"CHTREE","dd6b747b"
"CHTT","f51db6e1"
"CHUKCH","76aa6cdc"
"CHUMAS","4e4b862a"
"CHUX","24a87d2e"
"CHV","812f4e70"
"CHX","bb252f00"
"CIC","7443d6ec"
"CIEBMM","2a15b456"
"CIICAR","35ab9de6"
"CIMTUP","c060ed0e"
"CINMRK","36af371d"
"CIR","bcc907d2"
"CIRCUS","43f32a32"
"CITC","2764845c"
"CITHOL","5cad3c20"
"CITIC","554a1664"
"CITPET","b806c906"
"CITYTE","ae6a9469"
"CJML","aafbe877"
"CJR","8d211d4f"
"CK","126e3968"
"CKC","e3dcc7c5"
"CKE","358524d8"
"CKEALP","b9507979"
"CKEC","a4e8145b"
"CKH","891b3706"
"CKR","2b5616fb"
"CLACAB","6b8cf621"
"CLAIRE","b17f5c02"
"CLARKE","62e8a862"
"CLARKM","8ebb2a0f"
"CLCI","6c660b1e"
"CLD","3b7ec9f3"
"CLDCRN","eff546"
"CLE","f0221a56"
"CLEAVB","d63c0210"
"CLF","76b668f8"
"CLGX","50a3fe33"
"CLH","4cbc0988"
"CLHB","4a6af27"
"CLI","87e0da2d"
"CLLCN","a86d3525"
"CLLY","99f8796c"
"CLMT","83116106"
"CLN","9ae5ea95"
"CLNT","b2f97b9b"
"CLNTF","a4621275"
"CLP","a339897e"
"CLR","eef12875"
"CLRCN","c15c163c"
"CLS","25adfbd0"
"CLT","38a8cb68"
"CLTDEF","e8c09e03"
"CLU","f3f418cd"
"CLUB","2af5229"
"CLUBCR","c243f670"
"CLUETT","bca6be34"
"CLUUS","70dfa794"
"CLW","be3cb9c6"
"CLWPPR","841d6ef3"
"CLWR","96e6419b"
"CMACG","31c657f"
"CMAG","d597bd9"
"CMC","800cf2ff"
"CMCAF","1dfaa08e"
"CMCLZ","83903ae"
"CMCO","7695e89d"
"CMCS","2812a7d"
"CMCSA","f0be1dd1"
"CMI","2197d199"
"CMIIND","8e47b03b"
"CMKC","32b86681"
"CMLP","725d283a"
"CMLS","f4c95a94"
"CMM","ba06938f"
"CMMPWR","9796f3ac"
"CMP","54e82ca"
"CMPR","9feb7f8b"
"CMPSU","9acd6b94"
"CMPTEL","87ceb67c"
"CMS","83daf064"
"CMTCN","10480bf8"
"CMX","e91d00a7"
"CN","42a3a8db"
"CNC","b1e4e862"
"CNDT","54ac23a8"
"CNECN","99d40688"
"CNGO","c55cb6d"
"CNH","db2318a1"
"CNHI","2c445899"
"CNHIND","720b1f7b"
"CNJ","96ebb9aa"
"CNK","5db76a0f"
"CNLINC","32e27ecf"
"CNMD","c2e264e0"
"CNP","34a69857"
"CNPAU","5301dab6"
"CNSL","1950011e"
"CNSOLM","2a618ab1"
"CNST","f6d581e8"
"CNSTEL","557431ba"
"CNW","29a3a8ef"
"CNX","d8f51a3a"
"CNXMPF","20a81568"
"COAST","cf76a102"
"COAXIA","14115c96"
"CODE","508cf208"
"CODERE","4770b701"
"COGARD","31eb569b"
"COGNTX","ff0fb3ed"
"COHO","36b7bb1a"
"COL","e6c55103"
"COLAIK","2731b2a7"
"COLASW","908bb3c7"
"COLCAB","71f4aa75"
"COLTEL","c9cfd724"
"COLUIF","635e9ea8"
"COMALU","5baeeaa8"
"COMM","294735b6"
"COMMBR","413bb402"
"COMPAE","89beb846"
"COMPAS","5c3159c0"
"COMPCO","bfba8a09"
"COMPFS","9996674e"
"COMPOL","fe8e92d3"
"COMPWR","93632391"
"CON","ab0df008"
"CONACN","fd7a54dc"
"CONC","22a54e5b"
"CONCC","6f5b1d43"
"CONCOM","fe6b4b7b"
"CONCON","78ff39d5"
"CONE","f4fcad46"
"CONEML","64c78070"
"CONENT","baaa1a1b"
"CONGLO","601fe17"
"CONGR","539ee86e"
"CONN","9e3b5d85"
"CONRES","d3d6466b"
"CONVAT","bed65c3a"
"COO","605123ad"
"COOPCP","63cc12c1"
"COOPER","4dd486f0"
"COPAME","a38046a1"
"COPEIN","b9429c8b"
"CORCON","320b88b0"
"CORGEO","d96d0aa1"
"CORJRL","6685cf9e"
"CORTNP","dbded8dd"
"COSAN","a3e43b4e"
"COSCN","347b2a67"
"COSE","f2f55048"
"COSGEO","ce161ee2"
"COSH","4e6b4396"
"COTY","4346ac26"
"COUCHE","f90a2b34"
"COV","448870fe"
"COVAD","4a9f164c"
"COVAL","a6cc9421"
"COVD","6b91ac4a"
"COVDE","d3fbea4e"
"COVPAR","b9f856c9"
"COVSUR","a4e6e9f7"
"CPE","505cecec"
"CPII","e3027034"
"CPJ","a10a5e39"
"CPMH","dc118782"
"CPN","3a9b1c2f"
"CPNO","f0fcada7"
"CPO","f1c7cf8a"
"CPQ","c81bac61"
"CPRK","cb13190b"
"CPS","85d30d6a"
"CPU","538aee77"
"CPUXF","8e7e419"
"CPX","ef14fda9"
"CQB","eb2ed7e0"
"CQP","a5307470"
"CRB","dac6cd7d"
"CRC","119a1ed8"
"CRCHEA","53ac2517"
"CRECOR","5cee6fb0"
"CRERES","83d3d2ee"
"CRI","b0013dbe"
"CRK","fdc99cb5"
"CRL","e0ccac0d"
"CRLL","a3d2c95d"
"CRN","ad040d06"
"CRNRCH","b478b51"
"CROWN","d17113f8"
"CRROCK","20996c60"
"CRS","124c1c43"
"CRWN","8bc3a062"
"CRZO","21481207"
"CSAL","eafa803"
"CSAR","3773cbe8"
"CSCHCN","2ee8c9c6"
"CSCHLD","793b9a49"
"CSGRPE","a28ec3b9"
"CSMAU","e9305b6a"
"CSMSP","49bc473e"
"CSNABZ","fed87e83"
"CSNI","a82a4959"
"CSNO","7e73aa44"
"CSOLNO","e61d864d"
"CST","a93e274f"
"CSTM","f015c8cf"
"CSTMFP","c54da456"
"CSTOR","c7fe3a8f"
"CSTR","2957881"
"CSV","e4f68644"
"CSVCAC","bed4d059"
"CTB","b916f847"
"CTBUS","11b97fcf"
"CTFC","309b2d41"
"CTL","831c9937"
"CTLCN","bf75d54c"
"CTLT","8a38402c"
"CTPTRA","4292adc0"
"CTRAU","28ca1524"
"CTREV","5a114399"
"CTV","2151b8ca"
"CTX","1b5bd9ba"
"CTYA","ecc5606d"
"CUI","75a60330"
"CUM","ee374126"
"CUMBER","6d308901"
"CURBUR","7997986f"
"CURE","b9f9761f"
"CVA","a81d9bc0"
"CVAN","b87076c"
"CVC","e5d53acb"
"CVECN","8ecce6e1"
"CVG","7e4478dd"
"CVGI","755202ee"
"CVGYQ","fdc79252"
"CVH","8f12ca08"
"CVI","444e19ad"
"CVN","594b2915"
"CVNA","c99c550"
"CVO","9217fab0"
"CVRD","fc2aa259"
"CVS","e6033850"
"CWCLN","a9908bcc"
"CWEI","2e671359"
"CWENA","93621b7"
"CWLN","a6fa6632"
"CWMEDI","ac66a9c9"
"CWSEN","40b3ff34"
"CWST","9521abe8"
"CX","972c495d"
"CXO","c22881ed"
"CXPNA","e2d4d129"
"CXRCN","30700541"
"CXW","2dad011b"
"CYBM","65db7df3"
"CYCL","8f0a5e2"
"CYH","795abae1"
"CZN","9eeb4361"
"CZR","eaff8181"
"CZZGR","4d38d081"
"DAB","86354237"
"DABR","5c648aea"
"DADE","21678df3"
"DADEIN","7f9caac6"
"DAEAVI","603e6ce0"
"DAEL","a01fd78f"
"DAHX","598ff6c2"
"DAL","bc3f2347"
"DALITE","ff25105c"
"DALR","c5bf1b7"
"DALY","669c0174"
"DAN","f1f7824c"
"DANKA","3b6232c4"
"DANRVR","794e36ad"
"DAR","85e340ac"
"DARARK","1118c640"
"DARTA","81e0fa87"
"DAYGRP","3c33a342"
"DBD","6184bbb7"
"DBEH","b501927a"
"DBG","e710c919"
"DBGC","48597390"
"DBPHLD","d211ba8"
"DCEL","e23ad0f2"
"DCN","66689365"
"DCO","ad3440c0"
"DCP","5fb4f08e"
"DCPMID","f83b5155"
"DDR","d7db6f0b"
"DDS","1c87bcae"
"DEC","b926b581"
"DELBB","37a753c8"
"DELH","2a5cdeb0"
"DELJER","a73b129c"
"DELL","b1cd9ca6"
"DELTA","b53d8892"
"DELTAM","c8c5a5d8"
"DEMAT","1f6aa84d"
"DENBOR","fe587ee1"
"DENN","6b9a2c84"
"DERBY","37878289"
"DESAIN","3a9c2bfe"
"DESC","d10dc254"
"DESCA","b2df0955"
"DETAIL","1335e73c"
"DETNOR","9019a341"
"DEWAAE","3e58c456"
"DEX","d03747d9"
"DEXMED","895de97e"
"DEXO","a4c856d5"
"DF","6b571438"
"DFF","d8033eaf"
"DFI","29558c7a"
"DFIN","20b215e9"
"DFT","961d9d3f"
"DG","a00bc79d"
"DGI","8f2287ce"
"DGN","9227b776"
"DGX","47a856f0"
"DHI","796af727"
"DIALOG","7d4cd0a4"
"DIAM","4ce93b8c"
"DIAMCB","268b2bfd"
"DIAMTR","87248b26"
"DICKCP","800ca96c"
"DICT","ffaf79f6"
"DIG","e5179de3"
"DIGGLO","8e872d88"
"DIGO","62f1afbd"
"DIN","c218cc2b"
"DINE","56f2c908"
"DIRBUY","7f91c49"
"DIRCHA","22df612f"
"DIRESO","bb63c1ec"
"DISDYN","f9e59da"
"DISH","ec6527d8"
"DJO","38ac0513"
"DJORTH","a307e9cd"
"DJT","51bdf74b"
"DJTE","1bd30d6b"
"DKL","184f7c09"
"DLI","8d25d334"
"DLLTD","4953af7a"
"DLM","16b49122"
"DLPH","956d3321"
"DLPIV","2a50d580"
"DLRAMA","d4eb82b1"
"DLTR","c36f36cf"
"DLX","45af020a"
"DMN","3657e838"
"DMND","19e41457"
"DMONTE","d651c50e"
"DNB","707d32de"
"DNE","6d780266"
"DNET","96ba45d5"
"DNR","73ab3045"
"DNYY","8a5aa0b1"
"DO","4c5845f0"
"DOANEP","88d4caf3"
"DOL","ec00581a"
"DOLE","702d1a6"
"DOLEFC","905b5b5a"
"DOLTEL","e0f4c2a7"
"DOM","275c8bbf"
"DONFIN","7af41708"
"DONOH","20e09c8d"
"DOOR","2839f918"
"DOSE","96943d81"
"DOW","8511aa42"
"DPCE","54d182c8"
"DPH","e607f62b"
"DPIZZA","4444b046"
"DPL","7d96b43d"
"DPM","b6ca6798"
"DPTR","e87b12ab"
"DPWDU","8d227e92"
"DPZ","a81955bb"
"DQE","fceeee41"
"DRC","1b5f17c1"
"DRD","65a2779"
"DRESSR","a910bda2"
"DRF","4b928672"
"DRII","c5461a80"
"DRPTX","7251d01d"
"DRRA","4ccc50d9"
"DRRAND","8ca9b8c4"
"DRS","1889155a"
"DRUMCO","b4775141"
"DRVTIM","7b6b9c1"
"DRXLN","200af887"
"DRY","b912363c"
"DSD","a02d2ccd"
"DSUP","8d4bbff7"
"DSWATE","210e8690"
"DT","2549b7a8"
"DTC","788f22fb"
"DTE","aed6c1e6"
"DTEENE","6003a64"
"DTV","2b94b1d3"
"DTX","119ed0a3"
"DUFSCA","90dd76e5"
"DUGLAS","fbbcf398"
"DUNAER","f309a7a4"
"DUNKIN","d17d13f8"
"DUNR","6335df4f"
"DVA","a2d892d9"
"DVER","efbd8c56"
"DVN","538e200c"
"DWA","4af996d"
"DXM","852529ff"
"DXME","d70be220"
"DXMW","991541b0"
"DY","99d7a476"
"DYK","f50bc156"
"DYN","a5c650e5"
"DYNCOR","f601f19"
"DYNCRP","44a1431c"
"DYNCST","79470abe"
"DYPR","37b2d93"
"EAC","81c3910c"
"EACCES","64f46a79"
"EADFP","ec3df5cc"
"EAGFAM","bc6b72e9"
"EAGRUY","4f4cb568"
"EASTON","a5725e31"
"EAT","9f10a32f"
"EAUG","ba7dafc1"
"ECACN","e1cf9f62"
"ECPOWR","99fe8ffd"
"ECR","ded6511b"
"ECSERV","f81ac241"
"EDCON","2b9fa2"
"EDG","486afcbd"
"EDGEN","2011ce16"
"EDGMUR","6639ad68"
"EDMC","3d3d311a"
"EDNMUR","ca9a1b33"
"EDS","d02dbc30"
"EDYN","12329a19"
"EE","4bb46d22"
"EEBCB","6b982170"
"EEP","f0cec52a"
"EGCS","e05b4f3f"
"EGL","134516e3"
"EGLE","c39cde50"
"EGLPT","d35d7c11"
"EGN","5e8db7e8"
"EGYLN","e5359419"
"EHC","145bd4df"
"EHLAU","611f71f"
"EIGI","a3d358e3"
"EIRCOM","5134401a"
"EIX","db3d2d33"
"EK","71be0c52"
"EKABEL","630a62e6"
"EKO","52710e39"
"EKT","3b60fc61"
"ELAN","95e65305"
"ELDCN","76965ed7"
"ELDOR","c522f643"
"ELECAR","dd036ff5"
"ELEPOR","7f082260"
"ELETSN","2f2818c0"
"ELN","5c8ae312"
"ELNK","3363b25f"
"ELPA","a51976aa"
"ELWOOD","8d2a8a96"
"EM","a7e7ef4f"
"EMACN","290d44f0"
"EMC","4663fb78"
"EMEXPH","70f49f31"
"EMI","e7f8d81e"
"EMIMUS","99b28e95"
"EMMS","21a428aa"
"EMN","fafde8a6"
"EMPENT","32e89986"
"EMPTOD","2758a11c"
"EMR","8ee92a46"
"EMS","45b5f9e3"
"ENBCN","9e0f7fd6"
"END","6a8ed15d"
"ENDENR","feaad2e5"
"ENDESA","7de15fde"
"ENDP","bc271834"
"ENE","a1d202f8"
"ENELIM","c1b9534d"
"ENERGI","6326491f"
"ENGIBZ","bb7b1376"
"ENGL","f9dbc049"
"ENLK","e6d9a40b"
"ENMC","acfd2dd2"
"ENQ","39954275"
"ENQLN","9a7339f7"
"ENR","bf0130db"
"ENRGY","82858cd"
"ENRNQ","71e39f73"
"ENRSIS","955f3c99"
"ENS","745de37e"
"ENTERC","3a9eb710"
"ENTG","c52ab6d9"
"ENTSHI","e27f6f5a"
"EOT","cf2fd872"
"EP","18affe0a"
"EPB","8b36d5d3"
"EPC","406a0676"
"EPD","5d6f36ce"
"EPENEG","dcc0ac79"
"EPI","e1f12510"
"EPL","b13cb4a3"
"EPN","fcf415a8"
"EQ","d3f32daf"
"EQCHEM","27ec942c"
"EQIX","9438d81e"
"EQUNOX","c9326a36"
"ERA","9a3db654"
"ERI","766e3439"
"ERICB","fe53129e"
"EROC","1076189f"
"ERPL","70b6466d"
"ES","9e3b8ca4"
"ESA","3c4abde0"
"ESATHL","8c70fa96"
"ESCH","71bb82b6"
"ESCO","6cbeb20e"
"ESHLDG","22eafce4"
"ESIACQ","bebc227e"
"ESL","80d4ae3e"
"ESPRY","226449ff"
"ESR","b908cdd5"
"ESRX","b3c41757"
"ESSARS","b33dce0"
"ESSEX","c5ce3ff9"
"ESSTMN","11b61ecd"
"ESV","22998fc3"
"ET","833ebc1c"
"ETE","627cc178"
"ETH","dee2d2a6"
"ETM","8e2f4315"
"ETP","31675250"
"ETR","7caff35b"
"EURAMX","ea07a400"
"EUROFE","42c2f38d"
"EVA","6e729247"
"EVC","23ba334c"
"EVENFL","8af13660"
"EVEP","b50e391e"
"EVERGR","3e4e7a5b"
"EVERRE","157bfb11"
"EVEVEN","598fa768"
"EVG","b82b715a"
"EVHC","519b28eb"
"EVINTL","9c844893"
"EVRAZ","fa74ff30"
"EVRI","33aec80d"
"EVRTEC","6f959c73"
"EVRZNA","35d07bb0"
"EX","f4fc7c67"
"EXAM","eb831e7a"
"EXC","73854811"
"EXCLIJ","8516ebd0"
"EXCO","31d4ae58"
"EXDS","80675236"
"EXDT","9d62628e"
"EXH","1942b8d2"
"EXLINT","ee347700"
"EXLP","351c6eff"
"EXOPAC","5cd6230f"
"EXPE","c6790b6d"
"EXPR","d8aa394e"
"EXPRO","75be36a4"
"EXTEND","ad5580bd"
"EXTNRG","d6d518ff"
"EXTOIL","15612096"
"EXXI","82548571"
"EXXID","a94515e6"
"EY","3fa0afc2"
"EYCA","c774cfb6"
"EYE","3aba0b8"
"F","bdc13cc1"
"FA","e1cd35a9"
"FAGEGA","bf14e64a"
"FAIRCH","d2e87031"
"FAIRIC","1c5fdfbc"
"FALCON","39978da2"
"FAMRES","85c5e65f"
"FAMSA","e52937b3"
"FANG","e6295b30"
"FARFLD","850623de"
"FASTEN","98e0677e"
"FBLEAU","2de1b623"
"FCAIM","281c0981"
"FCE","4e8a64db"
"FCFS","fa452a7"
"FCH","f2147705"
"FCL","69853513"
"FCN","244d9418"
"FCOM","a3e0749f"
"FCP","1d91f7f3"
"FCPR","c0f628f6"
"FCS","9b05855d"
"FCTVA","fa131a92"
"FCX","f1c2759e"
"FCY","3a9ea63b"
"FD","b100a41a"
"FDC","5d74b948"
"FDM","677ed838"
"FDMONT","9b506da3"
"FDO","2ab67933"
"FDP","d836c97d"
"FE","7a5c77bf"
"FECRC","46f0de32"
"FEDDAT","7313dc79"
"FELP","eb2f76c0"
"FERTI","34aaf9db"
"FES","f8d5b067"
"FESL","ead5807"
"FET","e5d080df"
"FFN","7675bbbf"
"FFSH","1bb31df2"
"FGAS","4e4962d3"
"FGP","e9ded3e0"
"FIAT","46c64059"
"FIBRBZ","ab03063c"
"FIBRIA","c015a09e"
"FIELDS","e28c2c1e"
"FIGI","9a5e6426"
"FIRCAP","27a14c03"
"FIREKP","45be1aca"
"FIRSTQ","a5a01de4"
"FIS","3f75da13"
"FISHY","bd9cfe70"
"FITZ","492a9240"
"FJ","8b0ac56a"
"FJC","d4bc215"
"FJCC","410564b0"
"FL","5d532677"
"FLAGLD","291fd644"
"FLC","6e9bf72f"
"FLCN","3bf47ee9"
"FLEPRI","89f24b37"
"FLEX","8dabaa55"
"FLI","cf00d449"
"FLM","5491965f"
"FLO","19593754"
"FLORID","87be1d3e"
"FLOW","d88d47ce"
"FLS","6d4df5b4"
"FLST","fe67c3da"
"FLVC","b28cde5e"
"FLXACQ","4a40c828"
"FLYA","90c0fbc"
"FM","960ff5d2"
"FMC","c8ecfc9b"
"FMCN","f75e7e77"
"FME","1eb51f86"
"FMEGR","c62b17fa"
"FMGAU","fadb1505"
"FMK","24bf7ef6"
"FMO","bf2e3ce0"
"FMXI","8f8286fb"
"FMY","6aa1dd66"
"FNCIM","9b76e9ab"
"FNLY","914a3b5e"
"FNP","7c469633"
"FOCAL","74be602a"
"FOE","892a0eaf"
"FOIL","5cc3874f"
"FON","e3edfe6c"
"FONCN","35ecc5d9"
"FONDA","11d4982"
"FONORL","15c6dcdd"
"FOOD","d3403018"
"FOODLS","9ab68315"
"FOR","97f93c8c"
"FORBES","94ce6a67"
"FORCOR","3748e612"
"FORENE","4983d602"
"FORT","d69fcf8d"
"FOSUNI","55813311"
"FOUBUI","353cba9d"
"FOUNDA","4f69bac5"
"FOURMC","bc2d7a79"
"FOXACQ","a177732b"
"FOXKID","c7dca385"
"FOXLIB","1b404981"
"FPCHOL","3ee015f8"
"FPH","a422f156"
"FPL","3fb3b340"
"FPSCN","a12b6c83"
"FR","648f459c"
"FRACSV","4bba2652"
"FRAG","e2551d11"
"FRANKS","d4437099"
"FRANSH","e9635068"
"FRATEC","6ad124bc"
"FRAX","10d5ad5f"
"FRBCN","3fcc75b0"
"FREGR","b5529a5a"
"FRGI","bb8f495b"
"FRIBOI","6e36c220"
"FRLICK","f3a35046"
"FRN","e5e40362"
"FRND","92891f56"
"FRO","2eb8d0c7"
"FRONTD","93c4750f"
"FROVIS","244090bc"
"FRP","dc386089"
"FRPT","a6befa5e"
"FRX","306be2e4"
"FRZ","7da343ef"
"FSCI","836a6dd6"
"FSH","95caebcb"
"FSL","e5ba9dd"
"FST","e1de292b"
"FSTO","f74a2c8b"
"FTCLN","76347c4d"
"FTD","27af153e"
"FTDI","4c085a41"
"FTDR","2519a819"
"FTHL","db65a186"
"FTL","cbfc9753"
"FTO","4d68e5fd"
"FTR","f220f4b8"
"FTSINT","1e937c2f"
"FUFENG","c5eb7555"
"FUL","6d8b9ce7"
"FUN","20433dec"
"FUNCAB","1ed93f90"
"FUR","5457ff0c"
"FWC","b423f1b"
"FWLRF","4d2b37da"
"FWLT","4e200280"
"FXIHLD","65a24762"
"FXPOLN","ce9f9937"
"GAF","932b07c2"
"GAFP","dc6e3337"
"GALAXY","696c57c"
"GALCAP","91fa4ad4"
"GALENT","3a4c71ac"
"GAMMM","4ac87b65"
"GAP","46a4e644"
"GARDEN","32ae9dd6"
"GATGLO","91ff75c9"
"GAZPRU","baef5007"
"GB","c12e4cb3"
"GBCOA","869284c0"
"GBFEL","d69cc634"
"GBIX","48fac650"
"GBLX","1ac2e9f7"
"GBLXQ","fe1d36b7"
"GBND","f9493a3e"
"GBP","774cfcd9"
"GBTVK","a3314689"
"GBX","9b1f7eb4"
"GC","a729f16"
"GCA","19b12653"
"GCCN","f5af7806"
"GCI","f5e2a43e"
"GCILLC","e22ddcff"
"GCMAU","4c1bb961"
"GCPAPP","5c77bb8b"
"GCR","9cf35666"
"GCS","57af85c3"
"GDI","30459ab0"
"GDP","149cc9e3"
"GDPM","2fc885e2"
"GE","dc2b7c0b"
"GEAR","d04ba248"
"GEC","37a9b262"
"GEF","676423d1"
"GEICN","45c52d60"
"GEL","c6ff00b7"
"GEN","8b37a1bc"
"GENCHE","706414d3"
"GENENE","d5db286e"
"GENER","58c4d3a3"
"GENINC","542dde3c"
"GENLAB","21d97314"
"GENLCH","17dd415b"
"GENONE","441b34a6"
"GENPOR","59242eb6"
"GEO","406b7219"
"GEOMAQ","7f4a17fc"
"GEOSPE","4f95e312"
"GEOY","eab329d6"
"GES","347fb0f9"
"GESTAM","225e4e79"
"GET","297a8041"
"GFF","568c394c"
"GFI","a7da8b99"
"GFIELD","64e3c28"
"GFIH","cf66ca31"
"GFLENV","9558cbde"
"GGC","a036a34b"
"GGI","1ad802d"
"GGL","5160119e"
"GGP","2574d37e"
"GGS","a3e0a1d0"
"GGY","27b82b6"
"GHC","567ed3a2"
"GHCI","b5c054e8"
"GHV","565408a"
"GHVI","8026e781"
"GHWATR","7971a8ad"
"GI","abe9bc70"
"GIBENE","29d33bf4"
"GIBSON","5fb7f82f"
"GIDL","ec00fb4b"
"GIDUSA","bbeacc4d"
"GIGANT","2f84a17f"
"GIS","f3dfda8d"
"GISX","d63e1986"
"GK","e6211d7b"
"GKIS","3d722db8"
"GKNLN","718a8f02"
"GLAH","6d49989e"
"GLB","696d2414"
"GLBC","366672c0"
"GLBL","c730c015"
"GLBMRN","d6a6ed7c"
"GLBRAS","9a4359ed"
"GLDD","48b37742"
"GLENCO","36bdc389"
"GLF","f2fc6602"
"GLFM","f82337a3"
"GLFSTS","3ee3bb16"
"GLM","983b96c1"
"GLO","d5f337ca"
"GLOBAL","e5373fdf"
"GLOBAV","477a1e22"
"GLOBUS","8426374c"
"GLOCOM","b2fe97b9"
"GLOMAN","71df8c78"
"GLOPAR","e2756a62"
"GLOTEL","abac2360"
"GLP","27738784"
"GLPI","67bcdc41"
"GLT","bce2c592"
"GLW","3a76b73c"
"GM","3078fe66"
"GMAC","cb2468c3"
"GME","d21f1f18"
"GMEUS","12f42286"
"GMEXIB","7b45dc8b"
"GMR","cccc2d3b"
"GMRK","71416cfd"
"GMST","25b6d707"
"GMXR","f1e860e0"
"GNACN","1475a808"
"GNASF","9ff8b6ab"
"GNC","35aee698"
"GNCMA","f73966fd"
"GND","28abd620"
"GNDCOM","345ed959"
"GNL","c4f8544d"
"GNV","66b575b0"
"GOGO","9d139aff"
"GOK","7f8a6f41"
"GOL","628f5ff9"
"GOLDEN","48653486"
"GOLDKS","a7125e9e"
"GOLDNU","23739224"
"GOLDSS","f3238c37"
"GOODGL","abbfb861"
"GOODNT","d1a27d44"
"GOOGLO","a1a399d6"
"GOTH","d6202c14"
"GOU","46560caa"
"GP","8f30ef23"
"GPAK","c0c9ce54"
"GPI","a3d4226d"
"GPK","ee1c8366"
"GPOR","b42fe65a"
"GPS","1990390"
"GR","c2f84e28"
"GRA","d818b129"
"GRAHAM","4e0e9a7b"
"GRATON","b3b1b7ec"
"GREATL","f217b090"
"GREEKT","84ed2bb"
"GREGG","98b624c"
"GRFFN","67c3fd3"
"GRFSM","b50efe14"
"GRIDGE","2dfa9a7b"
"GRKT","d41c2629"
"GRNCH","51f8e8dc"
"GRNMRN","9f5af33"
"GROVE","142a48f5"
"GRP","10926017"
"GRSTAR","15ac64a6"
"GRTCAN","73a7f3bd"
"GRTWST","d95a6076"
"GRUMA","719ef34"
"GRUMIN","42b9bbab"
"GSE","e5fef88b"
"GSHPBR","6159c753"
"GSIINC","1afc425a"
"GSINDU","61c6f58b"
"GSJK","4c419d4d"
"GSM","9ad7ae6"
"GST","2d7429b5"
"GSTECH","1bcc6330"
"GSTRF","505b2776"
"GT","14a1ad35"
"GTE","2059c605"
"GTGRP","13819df1"
"GTI","579b067e"
"GTIV","c8249f8c"
"GTKIM","9ebf51cf"
"GTLS","cad12198"
"GTM","cc0a4468"
"GTN","4a9e36c6"
"GTNA","13509321"
"GTPTOW","21cdc2ca"
"GTRC","fee6c490"
"GTS","f5d62783"
"GTSG","c3008d32"
"GTT","e8d3173b"
"GUCO","8427930f"
"GUESS","663cf7d5"
"GUN","ece93d72"
"GVOBR","c4849307"
"GW","9235df9b"
"GWCN","d5e47d7"
"GWIR","dd3ada79"
"GWROPT","d2dfe2bb"
"GX","63636d4e"
"GXSWLD","385973ca"
"GY","a83fbeeb"
"GYI","364c67be"
"GYLD","4f07066a"
"GYMB","3f29eec3"
"H","87cb5db1"
"HAIGHT","c2d6f262"
"HALCON","6be1a6a4"
"HALHEA","63ad5769"
"HAM","20cce5ad"
"HARCLA","cf5d970f"
"HARDWD","f08cc791"
"HARMNY","a2cd14e2"
"HARRCH","ae0b879b"
"HARRON","bff20ef2"
"HART","bd7062d"
"HARTEL","9025f930"
"HAS","19108646"
"HATELE","e1b9a514"
"HATV","25cf921c"
"HAUL","21f5b855"
"HAVAQ","29a6a501"
"HAWK","ab6f99c4"
"HAWKCO","9a6dd86c"
"HAWKER","46f5fc13"
"HAYN","ab9d732a"
"HAYS","14d5626f"
"HAYZ","33da33a7"
"HAZ","3e1fd78e"
"HBI","8ab5bd26"
"HBMCN","54e515de"
"HC","fc3aefff"
"HCA","c09134ff"
"HCC","8d5995f4"
"HCHC","948ff0f3"
"HCLP","e582a4d5"
"HCN","31c7862a"
"HCR","45d344ca"
"HDC","48feab7a"
"HDCO","eb8f6d6b"
"HDS","4b28a9e1"
"HDSUPP","ec2f5720"
"HDSUWA","e102b890"
"HEARTL","b45b903"
"HECH","3a205d4d"
"HECINV","65815e85"
"HEEQUI","2e9c75eb"
"HEES","30e19a2f"
"HEFOSO","cba9bc10"
"HEIGR","3495901e"
"HEK","2da22a3"
"HELGRP","d99596c1"
"HELI","734fe01"
"HEP","6bcbd0fb"
"HERB","5a12e951"
"HERBST","c89148e4"
"HERCLC","8b7e967e"
"HERCRE","6ac692f0"
"HERIT","93222523"
"HERMES","8bac304"
"HERO","e68cfa8f"
"HESINF","ca971e6f"
"HET","f05a92ed"
"HFC","df61ba53"
"HGCM","28c8cb83"
"HGR","b19c60d9"
"HGVLLC","b4705e3"
"HHC","8f5ec10e"
"HHLCN","d619fde"
"HIDILI","7ec372a5"
"HII","88b2e9dc"
"HILCOS","c77ef715"
"HILCRP","47e378b5"
"HILDOC","ce6dfc97"
"HILGRP","c3a9764f"
"HINDAL","41f21d99"
"HIRIDG","a8fc6649"
"HIW","b16e8a37"
"HK","10696d92"
"HKUS","42b514d3"
"HL","d6c5d2a"
"HLF","2bdc74ae"
"HLG","e080a70b"
"HLMMQ","3e98055f"
"HLND","337ae7dd"
"HLR","b39b3423"
"HLS","78c7e786"
"HLSH","42b1daa8"
"HLT","65c2d73e"
"HLTN","514f073b"
"HLX","12001745"
"HLYW","144135a8"
"HMA","90ae4fa2"
"HMS","deb0ec32"
"HMT","c3b5dc8a"
"HMVMED","5852e0df"
"HMX","b4771cf1"
"HNDLIN","9bc278a7"
"HNDUS","16d84550"
"HNR","2404250a"
"HNT","f25dc617"
"HNZ","c857a767"
"HOC","4af9ff80"
"HOLING","6590d0a3"
"HOLLPP","4420b77"
"HOLMES","7b9aca2e"
"HOLTHE","ac366068"
"HOLX","5e7e33f7"
"HOMERG","853a2715"
"HOMEX","13f52635"
"HOMINT","f7a9b4d5"
"HOMZ","b5c19948"
"HOOTER","eabf0f4e"
"HOPEWL","e04a5d57"
"HORSHU","c127f209"
"HORT","1e5d141f"
"HOS","492ffd1b"
"HOT","542acda3"
"HOTT","7d8d2125"
"HOTY","c11332fb"
"HOUFIT","fc36789e"
"HOUMIF","ef42c758"
"HOV","19e26ca8"
"HOWMET","480a263a"
"HPC","db6f13a7"
"HPCS","676a905a"
"HPDA","ecd30d44"
"HPDLF","d3879686"
"HPH","b1a8e364"
"HPII","6157eee9"
"HPK","373c91ca"
"HPL","2a39a172"
"HPLGR","9a229944"
"HPR","13e5c299"
"HPRK","494687d6"
"HRC","4cf0028e"
"HRDRCK","3bdcf425"
"HRFITW","e296917e"
"HRG","d7614098"
"HRI","ed6b21e8"
"HRNBEC","5dcaf8c7"
"HROCK","eacdc161"
"HRVST","1c67c7e1"
"HRZ","682951dd"
"HRZL","2589fe74"
"HSC","ea87093a"
"HSE","3cdeea27"
"HSECN","3cbb5859"
"HSNI","2a7fd784"
"HSP","6fc5790f"
"HST","f4543b19"
"HTECN","58da3590"
"HTG","b4b175a2"
"HTN","93be246a"
"HTZ","bf964e7"
"HUDBAY","7c3a6cce"
"HUDSON","82c71405"
"HUG","12c67e16"
"HUGH","b2d44875"
"HUN","35c92fde"
"HUNADV","c4f57cc1"
"HUNPAC","75c7f1fb"
"HUNTCO","11d02e53"
"HUNTMN","8ab386ab"
"HUNTSM","3bc61396"
"HUSKYI","fc33886f"
"HVY","1af20760"
"HW","647daf72"
"HWCC","6e799bd8"
"HWD","3cd1d91"
"HWTEL","ff5eacd1"
"HXL","19d6ef15"
"HXN","541e4e1e"
"HYDROC","e8cfe7cb"
"HYLSA","2052e7f7"
"HYNMTR","752957d8"
"HYPER","8a0a1a52"
"HYUELE","c2bb704b"
"HYUSEM","1a48f59"
"HYVANL","cfec0295"
"HZNP","11e99ffc"
"HZPS","a09c0ac1"
"IAACGA","99996281"
"IAAI","f5d28578"
"IAAIF","9d268a49"
"IAC","d66c8443"
"IACI","624d9451"
"IAECN","514f5990"
"IANSA","9aad6bdd"
"IAR","1ee6557d"
"IAS","d5ba86d8"
"IASG","3f9969ef"
"IASIS","f0a32f37"
"IBI","461fbdb8"
"IBP","62c6eeeb"
"ICASA","6d7b51f7"
"ICCI","2068932c"
"ICED","ff26b5c8"
"ICGX","1cad6601"
"ICIX","4c921d5c"
"ICMX","b8dd394f"
"ICN","fd6d86b4"
"ICO","36315511"
"ICOC","4653da3e"
"ICOGF","f665cba0"
"ICOMM","38d2642d"
"ICOUS","553fd56f"
"ICP","c4b1e55f"
"ICY","e3beb497"
"IDAR","d4237944"
"IDC","8454abe4"
"IDQHLD","dcd032ab"
"IDTC","294f1b13"
"IEE","f47a434d"
"IEP","a761d065"
"IES","21f5a2cb"
"IESICO","4dc1f1a7"
"IESR","e8c8f43d"
"IESYRP","253e7b8"
"IEX","4b325208"
"IFHBH","de05c921"
"IFMCOL","1200d755"
"IFSIA","dadce16e"
"IGL","44ea03ac"
"IGT","ab6f835a"
"IGTE","7199ffed"
"IHF","13395023"
"IHK","afa743fd"
"IHRT","3e30945"
"IHS","4022c30b"
"IHSC","bb4730d2"
"IIICN","bd38eec7"
"IILG","7dea9e7d"
"IIXC","75ea64b6"
"IK","b61e6626"
"IKN","ce82c8d3"
"ILA","fa734488"
"IM","6047853b"
"IMA","5c044f3c"
"IMAX","6af74109"
"IMAXF","babbee27"
"IMD","cc9de8f"
"IMGCN","f55eadf9"
"IMKTA","f1dea823"
"IMKTE","6a4fea35"
"IMNCN","ea11b6d2"
"IMPSAT","746e4304"
"IMPT","dc9c1608"
"IMR","d9463f09"
"IMSA","be6f9fbd"
"IMTN","8a9e13e6"
"IMXCN","50c58e7e"
"IN","e6d3f795"
"INCRES","2ff49286"
"INDALX","46fe7c97"
"INDDWN","be485b41"
"INDEP","1850c00e"
"INDNAT","89cbcf80"
"INDSPC","b10f4e23"
"INDTOW","b21beb90"
"INEGRP","4c5804ad"
"INF","70e96519"
"INFA","5062b37"
"INIFFI","d18e1ca9"
"INMARS","b77bdd9c"
"INMT","541aece5"
"INNMTN","5c1d069"
"INNOVA","212d74e8"
"INNOVT","7236e7c0"
"INOPHS","ea32072f"
"INSESY","50df6257"
"INSL","8c7e8b80"
"INSLD","63f1fd62"
"INSMID","ffdcab27"
"INTBRA","77898dc5"
"INTCMX","e6c322f"
"INTCOA","bd2a7055"
"INTEL","10ff33c5"
"INTERG","ab1567c1"
"INTERH","5a43d514"
"INTGEN","6c469334"
"INTRAD","dc9ab0e"
"INTRAW","888bdb3b"
"INTTEL","d3ba04f7"
"INVALS","ae0fe6a3"
"INVINT","f770dc87"
"INVSTA","8abea1cc"
"IO","2d8f2430"
"IONE","61d227d8"
"IONICA","3d66a538"
"IPCACQ","cabf8124"
"IPCS","70118419"
"IPCX","1ad674da"
"IPG","8c54512f"
"IPHS","7216d0e3"
"IPMT","3d2bcffc"
"IPRO","c5acd183"
"IPSCF","bc73b563"
"IQV","e2a98ba5"
"IQWCN","c3112db7"
"IRACOR","e3ad6638"
"IRDM","ce4fde01"
"IRILLC","78371d2f"
"IRM","ba506360"
"IRONGT","55dc0501"
"ISABR","8550f4c9"
"ISATIJ","f64480f8"
"ISATLN","3feded49"
"ISCORP","3ef76cca"
"ISG","bdbc4bb2"
"ISH","4ceaf967"
"ISLE","dd591295"
"ISP","a36f7991"
"ISPATI","f9396625"
"ISPHOL","d3622489"
"ISRELE","7076528b"
"ISYSLN","22300439"
"IT","449ed668"
"ITALIC","9cc9e0d7"
"ITCD","ea88b8c0"
"ITGR","cb487d55"
"ITP","66c8471f"
"ITPCN","834361e1"
"ITRI","97bf3c64"
"ITWCN","898668f8"
"ITWG","ff8d72b3"
"IUSA","1131b523"
"IV","9567763"
"IVC","74152603"
"IWHD","6600ebd9"
"IXP","a1682d6b"
"JACENT","2e61f37a"
"JACFIN","c704ebea"
"JACKSO","54f3ee1e"
"JACPRO","d355c8d7"
"JAFRA","408c0df"
"JAG","c372c1b6"
"JAH","32247363"
"JAS","5b35813b"
"JASSUM","797512c0"
"JAVA","82759990"
"JAVER","5f882381"
"JAZTEL","7391e2e9"
"JBL","985d2be8"
"JBPOIN","a6313576"
"JBSSBZ","2ee839a0"
"JBX","1a6b65"
"JCG","54edd09f"
"JCOM","45d4878b"
"JCOR","b75437c5"
"JCP","4a3ee2bc"
"JCREW","a5f9944e"
"JDAS","26f29624"
"JEACOU","a238aa10"
"JELD","955cc559"
"JELDWN","649264af"
"JELWEN","66e7df80"
"JHXAU","feb9343"
"JIT","75dfffe4"
"JITNEY","16e4c744"
"JJSC","c0ef0b6a"
"JJZ","7e3d8409"
"JKCOOP","956536d9"
"JLFRE","6ed6659e"
"JLG","a2a5a076"
"JM","51af9fa6"
"JMCSTL","a2a2682e"
"JMHUBE","c5990748"
"JNET","5e789e47"
"JNY","ce6d2b4"
"JOIN","f73fd550"
"JONAHE","eef7ce60"
"JONDIV","8522bb85"
"JONE","585f1b1d"
"JOR","c05629c3"
"JORDN","c1633fbd"
"JOSEA","5ae88642"
"JOY","aa91d900"
"JOYG","b7ee1856"
"JPF","c9878569"
"JPRSRC","59cfb3ab"
"JQH","55faefad"
"JRCC","86fbd3a"
"JRM","34df6483"
"JTMIND","735d7590"
"JUNO","14bf1598"
"JUP","4e304b48"
"JWACCC","934c7037"
"KABEGR","bb559e37"
"KABEL","71671485"
"KABLBW","a6ef3b08"
"KAISAG","b31f9e54"
"KALU","cee70ede"
"KAPPA","c6818264"
"KAR","5cc35200"
"KARHLD","5b187ceb"
"KARUS","9882092e"
"KASH","e039f3bc"
"KATE","9900deec"
"KATZ","6b806ea2"
"KAZTRA","acf88cb7"
"KBH","cf666960"
"KBL","54f72b76"
"KCADEU","c01d53c0"
"KCI","a24db171"
"KCLC","594de825"
"KCN","bf4881c9"
"KCS","908c"
"KDCR","6d4a40eb"
"KEADGR","47990216"
"KEAUOP","89afdccf"
"KEEBLR","de1d0e67"
"KEG","fb97e53b"
"KEGS","9ef3b7c3"
"KEGX","f4344700"
"KEHEFO","3eafae22"
"KEM","5a0cc65d"
"KEME","ef0c090b"
"KEYPLS","612b5af1"
"KEYS","a9125050"
"KFIND","a638b38d"
"KGAUTO","1a037488"
"KIAMTR","14dc7fe0"
"KIKCN","fbe83987"
"KIMBAL","27f24eda"
"KIMHIL","85dd1c75"
"KINOVE","c9446"
"KISSNR","3c75f58e"
"KLU","20110378"
"KLXE","c5a5a149"
"KLXI","b2676132"
"KM","f7d89412"
"KME","85b00a57"
"KMG","c878ab5c"
"KMI","f272ca2c"
"KNCI","959bae7b"
"KND","7f04c36f"
"KNL","93574102"
"KNOLEA","b68358da"
"KNOWLE","995b7262"
"KOF","94bb69d0"
"KOG","5fe7ba75"
"KOGC","ce5a990"
"KOKSRU","9b08a3a2"
"KOP","41348856"
"KOROIL","f17fe88b"
"KOS","c7a0faf8"
"KPN","e97e079a"
"KPNQWE","14f116c9"
"KR","558245c"
"KRA","8fb7a466"
"KRATON","b9ab252b"
"KSU","b187ef5f"
"KTO","d66df02c"
"KTOS","1d0dc811"
"KW","5595b5ef"
"KWD","8d421a72"
"KWGPRO","6587b7b4"
"KWK","7c14a8a7"
"KWKA","29d34871"
"KZL","c6f9df"
"KZTGKZ","d21730b7"
"L","1c5a1fa7"
"LABL","de604b19"
"LAD","8389ba9f"
"LAMR","11f4581b"
"LANLIN","4f3eda36"
"LANMED","e5af93ba"
"LANTRA","74ef8a49"
"LAROCH","f96cd0e3"
"LARPET","4b3304be"
"LAUR","45c58ab2"
"LAZYD","70c851b5"
"LB","c3291849"
"LBCTNK","6f7203c1"
"LBIMED","6af94570"
"LBRTY","443f0640"
"LBTYA","c02eef1"
"LBY","d29b147"
"LCC","9139b0e"
"LCP","8c51eb3b"
"LCPFQ","d731af4"
"LD","1570fb54"
"LDM","f6bec4f0"
"LDMTEC","44fa7e83"
"LDOIM","4ed5e6b3"
"LDOS","5d794f3"
"LEA","270b0f3f"
"LEAP","1fd69d9e"
"LEAPWR","f18db48a"
"LEE","bc9a4d29"
"LEINER","d325b86c"
"LEN","d65dbdea"
"LENATU","b2c860cb"
"LENFST","b6f684f9"
"LESL","9b83d299"
"LEV","39d83d1c"
"LEVI","99766c8d"
"LFB","9077670c"
"LFI","fab097cf"
"LGCY","ed63da02"
"LGF","ad912eae"
"LGFP","9854a46d"
"LGIH","81995472"
"LGNDAQ","50aa4fed"
"LGNS","2d2f98a4"
"LGTELE","5c7ea6d1"
"LHMCFI","b8cb9fc4"
"LHSP","749205a8"
"LHTTWR","666e36fe"
"LIANSU","6bca63b6"
"LIBERT","62069b34"
"LIBGBI","f8b511c2"
"LIFEST","999dc18c"
"LIL","5c357695"
"LIN","11fdd79e"
"LINE","ed2a6b10"
"LINTA","2fb3c0f"
"LIZ","89ba9713"
"LKQ","74e276f9"
"LKSD","625a42c6"
"LLAKES","1754ec7f"
"LLL","e0d5932"
"LLSCOR","29ab11d6"
"LMDIMG","5b8ccb99"
"LMGA","6769622f"
"LMIA","37561972"
"LNCAU","503eb7f3"
"LNCO","27a320af"
"LNET","2d62e7cd"
"LNG","f355b8d8"
"LNGFOR","9492dcf2"
"LNR","a04e2bf0"
"LNRAU","e02f8646"
"LNTV","a103d1bc"
"LNY","ca89db33"
"LOCAL","639cf0e3"
"LOCIEN","2ff869c2"
"LOCINS","92b72c7d"
"LOCO","eb092031"
"LOD","d3b6c1c2"
"LOEH","95dc25b3"
"LOM","f4b9900a"
"LONE","2b456297"
"LONGVW","b9d249a7"
"LONKIN","5b32e39c"
"LOR","6392044"
"LORL","ac34c5e5"
"LPI","febe3e3b"
"LPNT","4654902e"
"LPR","97afcc63"
"LPS","5cf31fc6"
"LPX","3634ef05"
"LQI","58c9358f"
"LR","c0ff1ad2"
"LSCCOM","a14e398c"
"LSPBAT","8c4f6fa8"
"LSS","6d1b055b"
"LSTZA","8651a25e"
"LTACH","322780d"
"LTBBOI","3d2743e"
"LTD","b66f09f6"
"LTM","9160583e"
"LTSCN","ebe5ad46"
"LTV","f871aa66"
"LU","ddfa2a6a"
"LUCK","9de34fc4"
"LUIGIN","58708a3b"
"LUK","e14eb097"
"LUMENA","73485011"
"LUNCN","1b209dff"
"LUPA","6a4eeaf1"
"LUSUCN","fb702bcc"
"LVB","f7a9fbc2"
"LVFIQ","a7b8558f"
"LVLT","17a48880"
"LVLTPT","5befba5f"
"LVS","3f232afc"
"LW","90328b61"
"LWHS","32449cb5"
"LWIN","2b7b8644"
"LWN","261c300d"
"LWSN","e8d545c4"
"LXK","8099d157"
"LXU","b945b2bc"
"LYB","1e18b2b"
"LYO","bd7f98f5"
"LYV","99a6cba6"
"LZ","2cac98bf"
"M","d706cc02"
"MAAXCN","d88aab8"
"MABEMX","560b285c"
"MADRIV","9d2a2c87"
"MAF","2eb1b0a"
"MAG","c9b7c8af"
"MAGGBZ","e539bb8c"
"MAGNES","18decfe1"
"MAGNTN","663f49de"
"MAGSMI","6ec28481"
"MAJEST","adf0adac"
"MAJINV","b19ee4e6"
"MAK","be7508d4"
"MALR","a0f847ec"
"MANDRA","c9da64a2"
"MANNES","b47d79ba"
"MANT","e13eb5d8"
"MAR","9aac5b87"
"MARCUS","25241c0"
"MARFRI","2d5850d7"
"MARINR","3d174699"
"MARIPO","b5beb04f"
"MARSB","3ec69d6d"
"MARTRA","ff95e4ec"
"MAS","51f08822"
"MASHER","e4c106be"
"MASHTU","386da17c"
"MASWF","9db2fbf6"
"MAT","4cf5b89a"
"MATCGR","4a556608"
"MATHOM","d6508477"
"MATR","f4c99545"
"MATTRS","c2913ef6"
"MATW","a40404f6"
"MAXTEL","745cdfec"
"MAYAU","8d3e3eff"
"MBG","f85fd232"
"MBNAU","c2cd3a08"
"MBPSFN","52567478"
"MBRS","d2ca7439"
"MCCC","dc1fe146"
"MCEXPP","3b7bce31"
"MCGHLL","bd5ce3c6"
"MCGRND","2beb5d61"
"MCH","af7e6b53"
"MCIP","fd2dce3d"
"MCL","34ef2945"
"MCLAUT","3d853fdb"
"MCLD","3752a117"
"MCLL","db01237a"
"MCLLC","23cba970"
"MCLLQ","6dd50ae0"
"MCMSI","df6c66af"
"MCOM","21b5ea42"
"MCP","40fbeba5"
"MCRON","c78c832a"
"MD","b307f0e0"
"MDAS","4293fbed"
"MDC","1ea51e"
"MDCA","9b124954"
"MDM","3a14c46e"
"MDP","855cd52b"
"MDPAC","d69811d"
"MDR","c8947420"
"MDT","1ecd973d"
"MDTH","1e64badc"
"MDZ","24c7f64d"
"MDZACN","a6c09750"
"ME","785b2345"
"MEAL","7cb94b3d"
"MEC","a669aeaa"
"MEDA","921f7744"
"MEDCIJ","50c47fa8"
"MEDEXI","d19693fb"
"MEDIA","9cc445e3"
"MEDIME","c41df5a6"
"MEDIMP","9706668e"
"MEDQST","9428e995"
"MEE","70304db7"
"MEG","3df8ecbc"
"MEGAB","a7307ec9"
"MEGCN","476daf9b"
"MEMP","cf0de3a9"
"MEMPRT","525654e4"
"MEMRES","af0fc161"
"MENTOR","3fc178c8"
"MEOHF","7adc62b9"
"MEPC","4c466e92"
"MERC","dbd97fbb"
"MERCS","cc7e8191"
"MERI","7a425cdd"
"MERISA","b7b76bd8"
"MERIT","750bee67"
"MERLLN","9f973b4e"
"METALD","d6137473"
"METALS","c8c04650"
"METINR","47e69f69"
"METNF","38dd7afe"
"METROG","935b2a88"
"METSO","19dbd638"
"METTOL","3ff3d3cc"
"MFNX","9c397cba"
"MFS","9457b6ac"
"MFW","fc6f4ba"
"MGCCOM","4e85c7de"
"MGCX","31441de4"
"MGG","aa67fd95"
"MGL","c0a00d56"
"MGLH","c4da6f96"
"MGLN","12838c8b"
"MGM","bfcdef3"
"MGMGPO","de535f9a"
"MGMMGP","1f6a515c"
"MHCA","ccbd5c1b"
"MHCAV","4a72d7e9"
"MHK","2bed4d07"
"MHM","fdb4ae1a"
"MHO","b07c0f11"
"MHR","f341e54"
"MHRC","40dc6a6a"
"MHX","aeaf3d32"
"MICC","4ddffd8e"
"MICCD","84887113"
"MICCF","c940d018"
"MICFOO","55645802"
"MICRO","2fe616aa"
"MICT","530ccfad"
"MICTF","6b397258"
"MIDCON","b2b9e80a"
"MIEHOL","b5604114"
"MIICF","5880ccd0"
"MIK","8d9a46b3"
"MIKE","a86950f4"
"MIKL","8f66013c"
"MIKN","c2aea037"
"MIL","909f760b"
"MILA","f65f2c6c"
"MILARG","6a42e1a9"
"MILEXP","54ab823e"
"MILLAR","f46ae103"
"MINERV","87416eb"
"MINI","8d93bf28"
"MIOIL","9b04b97f"
"MIR","a94315e0"
"MIRKQ","546d9de9"
"MISSIP","5cafa048"
"MJDCOM","df1a21a7"
"MLG","a860a96f"
"MLTHCO","a9c6c4b8"
"MLTPLN","3b8c4d6a"
"MMCN","750be0aa"
"MMIPRD","1fbb4787"
"MMLP","ba9ff3a8"
"MMR","5d0c31f3"
"MND","b96bcae8"
"MNI","5f5d936"
"MNK","483d783d"
"MNR","6ce42b6e"
"MNTG","7ef214c1"
"MOBIFO","3b96b79"
"MOBILE","6521751"
"MOBTEL","537b27b0"
"MODL","bf417852"
"MODSPA","a3dcf794"
"MOG","9988b3f2"
"MOGA","32377111"
"MOH","68de0127"
"MOHEGN","ac132cb9"
"MOMENT","d1510dd8"
"MONILN","8aa11486"
"MONINT","bf732452"
"MONIT","cb31409d"
"MORPUB","26259685"
"MOS","1cff37f"
"MOTCOA","e23168e9"
"MOTOR","93c3bb59"
"MOVI","1fcd6406"
"MPEL","bcad5061"
"MPG","81e5fd5"
"MPN","2f110e1d"
"MPO","e44dddb8"
"MPVDCN","26514bb2"
"MPW","bc85d4e"
"MPWR","7530be6d"
"MQASSO","dbce786d"
"MRC","4100cea"
"MRD","19153c52"
"MRG","9f814efc"
"MRGE","4e1817fd"
"MRNR","c553600d"
"MRNTV","dd7fb9be"
"MRO","73d2cc91"
"MRSFLD","7dc58a32"
"MRV","570b9fc2"
"MS","add4c2c3"
"MSCC","a0a4d06d"
"MSCI","13ff30b"
"MSEL","32225782"
"MSSCRK","1c50ba2e"
"MSSN","7be45f7d"
"MSWENE","1da7756f"
"MSXINT","5d3b7ecf"
"MT","b0d1f27b"
"MTCH","c0a629b7"
"MTDR","a74c36c4"
"MTEL","38e75e9b"
"MTH","d07c913"
"MTI","c65b1ab6"
"MTLM","6623c8ed"
"MTN","db5e2a0e"
"MTNA","867e19bf"
"MTOR","a54b623e"
"MTRMGR","ed42471c"
"MTSINC","2361c948"
"MTW","ff87795d"
"MTWFSG","3a3535f0"
"MTZ","43196a83"
"MU","7b8d21de"
"MUEGRO","d14fbd7e"
"MUI","602c1102"
"MUL","30e180b1"
"MULPAC","2a66753f"
"MULPAR","e2eca401"
"MULTIC","9dc335a2"
"MUR","93de35a"
"MURREN","4490dc6c"
"MUSA","4cdde42f"
"MUZK","78de829a"
"MVE","2606cbe4"
"MW","364580d5"
"MWA","1be08246"
"MWE","8071c050"
"MWGAME","d2e8303"
"MWL","a77e9198"
"MWRK","914cb80"
"MWVANA","1cec8dba"
"MX","c7133200"
"MXACN","dc8d033a"
"MXCHF","70fcd2d0"
"MXCN","4150dfe5"
"MXG","3bf111b2"
"MXM","9a6a32d4"
"MXMC","adf1b766"
"MYCC","3164cca5"
"MYG","9d861a06"
"MYL","f741eac5"
"MZ","8adb930b"
"MZIA","56533503"
"N","5192beac"
"NAELN","45db3200"
"NAEPI","f8a0f402"
"NAFC","f58ff559"
"NAFCE","57dbb5c9"
"NANADE","8747e725"
"NATAMU","28e76882"
"NATCIN","f79cb9b4"
"NATH","6f09887d"
"NATLWW","3d841fd8"
"NATPOW","42a1e915"
"NATRC","7eb5f7f8"
"NATREN","802de275"
"NATVET","a62acd72"
"NATWIN","f6d8665"
"NAV","8fb21e72"
"NAVGAS","d187c0ea"
"NAVIOS","9432a985"
"NBDCN","46b47eb2"
"NBEEF","59dc97b"
"NBR","25cb46f9"
"NBTY","290c5ea0"
"NBZCN","2f855dab"
"NC","9feadac5"
"NCLCOP","be7ddf31"
"NCLH","791d5da9"
"NCLNO","28a1c321"
"NCMI","143685b8"
"NCOG","b9a3f5e1"
"NCR","83bc4d4d"
"NCRX","4d2ab8a1"
"NCS","48e09ee8"
"NCSGCR","c3269714"
"NCX","22276e2b"
"NDC","8e91a2fd"
"NDN","320fb123"
"NDPAPE","96fd0d5f"
"NE","49b339d8"
"NEBRK","75de1c35"
"NECHIN","6bbc2a20"
"NEE","febf4a54"
"NEEDLE","77f69981"
"NEENAH","3b7ff757"
"NEENST","bf2ab850"
"NEFF","21086a10"
"NEFFRT","f3359494"
"NEFICO","82ade31a"
"NEGX","bea3024f"
"NEIBOR","78964bac"
"NELL","24e31638"
"NEM","12ecc839"
"NEODAT","4b85a3e1"
"NEP","ada4d97c"
"NEPENE","ca948f08"
"NEQS","d06a5b78"
"NER","e06c7877"
"NEREST","2ae18bbe"
"NES","2b30abd2"
"NESC","442348ca"
"NESCOL","b40ee036"
"NESRH","435b5f2e"
"NETBZ","605e6969"
"NETCOM","1b335e5a"
"NETHOL","8d0591a9"
"NETSAT","136e477f"
"NEU","fd6948cf"
"NEV","7bfd3a61"
"NEWALB","a025cdaa"
"NEWARK","b0cb7bf1"
"NEWGAM","f6cb1738"
"NEWLOK","2dc7932e"
"NEWOPA","93455b8c"
"NEWPAG","212e0c6c"
"NEXEOS","2b4c722"
"NEXMED","6bf2b1fa"
"NEXSTR","16e5e41f"
"NEXTHK","988748ef"
"NFCN","11ecc039"
"NFF","49c32267"
"NFFCA","a82b9a16"
"NFLX","322b5156"
"NFREGY","eed99bbe"
"NFX","701f418c"
"NGDCN","c233bfd"
"NGL","4e2f0ab5"
"NGLS","9446a10b"
"NGPLCO","116206b8"
"NGVT","4aed5233"
"NHI","e8aaebef"
"NIHD","6b50a509"
"NIN","53d8d0e3"
"NINE","c3dc4396"
"NIPSTL","8eddc562"
"NISKA","702624ef"
"NKA","3511731f"
"NL","6ebc6810"
"NLC","bd7eec9a"
"NLI","1ce5cffc"
"NLSN","e7f2403f"
"NM","a5e0bbb5"
"NMG","8098a538"
"NMK","f75a6543"
"NMRK","dde2daa6"
"NNA","67295cb8"
"NNAH","83cf29b8"
"NNS","2937ff28"
"NOA","c15e570c"
"NOACN","ff1b9781"
"NOBGRP","eec017d9"
"NOC","8c96f607"
"NOF","dc5b67b4"
"NOG","1707b411"
"NOKIA","3bfd66d2"
"NOR","441c2739"
"NORACQ","8e9a18f0"
"NORAME","46e22320"
"NORBLI","19d8ef0c"
"NORCAL","e4681fe1"
"NORCFT","ce4aa199"
"NORCRA","ec08a6c"
"NORENE","f3403747"
"NORGEN","d9a59403"
"NORMPC","c11d287c"
"NORSKE","1bac204c"
"NORTH","790fe014"
"NOVASP","7ff40697"
"NOVEON","621c9d3c"
"NP","1aa8aaf0"
"NPNT","68a2b8a8"
"NPO","6ac2da5b"
"NPTFIN","77105d06"
"NR","57600bfb"
"NRG","110e491f"
"NRGE","77952b38"
"NRGEV","e8ae8eec"
"NRGM","9bc6a955"
"NRGY","381e9d8"
"NRI","2b04286f"
"NRNT","2a87bfd5"
"NRNTQ","2b4d3205"
"NRP","fdd7b3c"
"NRX","e38ef951"
"NSGHLD","ef438642"
"NSINO","cc818f34"
"NSKIES","4e960238"
"NSR","e462d183"
"NSS","2f3e0226"
"NSUS","9ef147c7"
"NSV","7ff39395"
"NSW","b4af4030"
"NT","8139e8e6"
"NTHWQ","afd05895"
"NTI","48d41d55"
"NTIER","15afa742"
"NTK","51cbc5e"
"NTKS","a3d5a94d"
"NTLD","78a1a5e0"
"NTLDQ","7dacd03c"
"NTLI","c43fb63e"
"NTLO","12665523"
"NTLSTL","16797e5f"
"NTVF","f6c7c76b"
"NTY","4b021fce"
"NU","4a653b43"
"NUAN","7447e7d8"
"NUFARM","fa874f36"
"NUFAU","32beb506"
"NUGGET","ad33a3e1"
"NUMATI","8093a6c7"
"NUMFP","fabe066d"
"NUTRO","f85b24fe"
"NUVOTV","490cd817"
"NVA","33188e11"
"NVE","a889cc07"
"NVL","8f869dcf"
"NVR","b65afe24"
"NWA","956f85a5"
"NWAC","8afcf37b"
"NWCI","bcf8c134"
"NWEC","7eb3d768"
"NWHM","256ed7d8"
"NWS","db712635"
"NWSW","e2fa3e11"
"NXL","dfb9e692"
"NXLK","de58027a"
"NXPBV","ce5902ce"
"NXPI","33ee55cb"
"NXST","bd4e5e13"
"NXTL","976ce06b"
"NXTP","e378228b"
"NYLD","e3a4b031"
"NYT","964b6dd0"
"NYYAU","71116595"
"OA","7455707a"
"OAS","13d58f5f"
"OC","399dd171"
"OCEANO","c5820a2d"
"OCINV","ab5af528"
"OCR","4f164dd3"
"OCRGNO","cb4c2c12"
"OCRNO","ae528b06"
"OCTDEV","100755d2"
"OCXCN","951925ab"
"ODB","896771c6"
"ODBR","96d11a53"
"ODP","c779d256"
"OEC","e44ca9d7"
"OEI","45d78ab1"
"OFIS","1daf9a71"
"OFISC","b4dfde41"
"OGLE","56b254ce"
"OGXPBZ","b54cc798"
"OHI","2400eb71"
"OI","9806f217"
"OII","8277e0c5"
"OIL","d2ba7176"
"OIS","203ac138"
"OKE","622a3197"
"OLDEVA","c983f8c0"
"OLG","ea45ae12"
"OLIVET","cfd53c24"
"OLN","cd4affda"
"OLOG","77f8f30e"
"OLYMP","efe9f252"
"OLYMPS","6a27d0f9"
"OMEGAC","9cae838b"
"OMG","4c32a5a6"
"OMI","7638c4d6"
"OMM","eda986c0"
"OMN","6b3df46e"
"OMPT","af866f82"
"ONCJ","4ee38dd9"
"ONECAL","28584a7"
"ONJC","fc7499c2"
"ONNN","b4a5ae0f"
"ONOFIN","a16cef31"
"ONOSM","f36214ae"
"ONSI","afa963b9"
"OPCCN","21857662"
"OPEN","df93d9ec"
"OPENSL","50a6adca"
"OPTEL","79e3da61"
"OPTOES","d139e2dc"
"OPTSTL","c904e18c"
"ORALN","bb1e2970"
"ORB","8d69d832"
"ORBC","e48ff3c1"
"ORBIMG","67d10e77"
"ORCAL","d524eec6"
"ORIG","7d19e52d"
"ORMET","db645811"
"ORN","faab1849"
"ORS","45e3090c"
"ORTCLI","b5b64380"
"ORX","2f24f9cf"
"OS","3a4bd3ea"
"OSBCN","d4a24a39"
"OSG","7bd34235"
"OSI","41d92345"
"OSK","c11824e"
"OSU","35cde1a5"
"OTCCN","7c69276e"
"OTEXCN","c98f08d9"
"OTRKB","885598c7"
"OTTR","ee64828c"
"OUT","9d41073a"
"OUTR","22ce8212"
"OUTSVC","49e48934"
"OWC","140d2430"
"OWN","a89337ee"
"OXEACY","ae94f074"
"OXFORD","fc7258bc"
"OXHP","547dc072"
"OXM","d84f35a9"
"OXYMAR","4e97b5b4"
"PA","e5c39c5d"
"PAA","f8500f48"
"PACD","deb073a5"
"PACDF","656f46d6"
"PACDUS","d64e9727"
"PACKAM","a5235ebd"
"PACKAR","57a3eef3"
"PACNET","3d552799"
"PACR","b3f9223"
"PACW","5bf20390"
"PAET","beb64404"
"PAG","2e09ec55"
"PAGE","e1a38413"
"PAGON","f719ebb"
"PAH","df5f5e80"
"PALACE","90961ee0"
"PALENT","bd81a0e4"
"PAM","8f92cf33"
"PANAMS","3bd0acbd"
"PANCAN","11dd0f1"
"PANIND","c70e9fb6"
"PANTRY","3f865cb3"
"PAP","30dade76"
"PAPWRK","9b156123"
"PARK","ee4f560a"
"PARRFN","3e5f6eaf"
"PARSLY","4856035c"
"PATH","b0b119e"
"PAW","2ddfeece"
"PAX","dc895c1b"
"PAZ","9141fd10"
"PBFENE","b124047"
"PBFHOL","116f0fea"
"PBFX","76139901"
"PBGAIR","43575653"
"PBH","eeb7441d"
"PBI","25eb97b8"
"PBNCN","ee13d321"
"PBSC","2ae4d830"
"PBY","263d9523"
"PC","a80b3d56"
"PCALLC","de38afaf"
"PCG","b996fd7c"
"PCH","48c04fa9"
"PCS","21d1bdf1"
"PCSA","ab8679a5"
"PCTV","70f27508"
"PCU","f7885eec"
"PCX","4b164d32"
"PDC","e7a081e4"
"PDCE","5d0cae64"
"PDCN","37cb5ea7"
"PDE","31f962f9"
"PDG","7c31c3f2"
"PDGI","de814a0c"
"PDH","8d677127"
"PDQ","a9be2274"
"PDVAMR","1bd5435"
"PEG","da46c846"
"PEGI","122b4a92"
"PEGS","b0666b6f"
"PEGSHP","74aad1c3"
"PEMEX","b2a26db7"
"PENACQ","2fccd691"
"PENGAM","a280cdf"
"PENN","9ab63ff9"
"PEP","c495fa65"
"PEPGEM","9a65b12f"
"PERHOL","29f07ee"
"PERRYJ","3db360e4"
"PERY","241bfb60"
"PES","420188cb"
"PESC","2021d129"
"PETBRA","5ad28c7c"
"PETC","e586efa7"
"PETD","f883df1f"
"PETM","df8c8ed7"
"PETMEX","5526fc3"
"PETPSC","8ff31095"
"PETROS","6e7ee3c9"
"PEUGOT","505bf87d"
"PF","f8c6ace5"
"PFCB","22c99a1"
"PFCHNG","9ea311a8"
"PFCLN","deb2e715"
"PFGC","3d3f6e17"
"PFHC","cb771efe"
"PFOO","7912e00b"
"PFPCN","dacea134"
"PFR","b8b541f3"
"PFT","6eeca2ee"
"PGEM","5c001ed0"
"PGH","bc8f6bba"
"PGI","77d3b81f"
"PGIC","a1aa15d4"
"PGILLN","d095be13"
"PGN","6ad688a7"
"PGNFIN","770ce0b5"
"PGSAY","ca76919e"
"PGSNO","e9b100f1"
"PGSSOL","30c0eeed"
"PGTI","638cbbc"
"PGTV","f4b87bf2"
"PGTVD","dd822b82"
"PHEL","4e7cdfd9"
"PHH","4ac71b53"
"PHHOLD","19f1d558"
"PHIBRO","c8a9c39a"
"PHII","d911241e"
"PHM","1a0a8ae0"
"PHNX","d43ccbae"
"PHO","57c22beb"
"PHP","a5429ba5"
"PHS","23d6e90b"
"PHSY","1969e505"
"PHYSIO","b1a1786a"
"PHYSTP","4528352a"
"PICN","acce4b76"
"PIDLIJ","f6ba0446"
"PIERRE","1c7f49fd"
"PIN","3ae9f3fa"
"PINFOR","7e0127dc"
"PINNOP","e02c9d62"
"PIONA","306d9e77"
"PIOS","d4263047"
"PITGLS","71f12695"
"PITTGL","7342f4e9"
"PIZA","afde20be"
"PKD","cedc1b5"
"PKDY","359f40a6"
"PKI","b073d26b"
"PKICN","48756c63"
"PKOH","ff12c562"
"PKS","123ef396"
"PLA","99876e88"
"PLASPK","c685a372"
"PLASTC","de99050c"
"PLAY","6d626618"
"PLAYRE","fad0cfe3"
"PLCOAL","1fcb0852"
"PLH","be883f40"
"PLIA","b108a889"
"PLIANT","86a260e1"
"PLITT","2c208217"
"PLLL","5fae94f0"
"PLNEND","655f0149"
"PLP","510dbfb6"
"PLS","d799cd18"
"PLT","ca9cfda0"
"PLTE","2c901791"
"PLX","bd5e3ddb"
"PLYGEM","cad32cbe"
"PME","a461272a"
"PMIACQ","587afbac"
"PMK","9e6b465a"
"PMNW","6d8a771f"
"PMSI","525fe9fa"
"PMTC","3663f412"
"PMUG","b85bdb0"
"PNAGRO","368f1fa1"
"PNCACN","d4e37a7f"
"PNET","679656a8"
"PNF","131d4f19"
"PNFT","567e4c35"
"PNH","29172e69"
"PNK","af835cc7"
"PNKENT","28eb96a0"
"PNM","79dabfda"
"PNRHLD","27c464e9"
"POGLN","f65b5fb4"
"POI","443cf678"
"POKAGO","bfea44ef"
"POL","14f167cb"
"POLCOM","e789c137"
"POLGA","5860a5cd"
"POLINT","f4e78518"
"POLLO","606d9047"
"POLPOR","e73d47b1"
"POLTEL","fedb75ee"
"POMGRN","f425542e"
"PONE","61b1d3f2"
"PONN","b762331"
"PORTOL","3ea9b343"
"POS","e671d785"
"POSADA","a310df6b"
"POST","af32ffc2"
"POSTER","b47e9ba5"
"POSTMD","521e3444"
"POT","fb74e73d"
"POUCN","3e8d190b"
"PPC","74313939"
"PPDI","17986f40"
"PPE","a268da24"
"PPG","efa07b2f"
"PPHNSW","f5f688c8"
"PPHNVX","569815ba"
"PPL","85678bec"
"PPO","3f3f942"
"PPOUS","1bc901f9"
"PPP","f173490c"
"PPPCN","5149acf"
"PPX","1d20cb61"
"PQ","e6159ec6"
"PQCOR","53ef10d0"
"PQUE","6d5938df"
"PR","6081ec68"
"PRAI","785479a"
"PRD","feab18a8"
"PREBRA","241b40df"
"PRECN","1fb98d06"
"PREGIS","473c251f"
"PREMCO","698a479"
"PREMST","857caef"
"PRESID","a11e28ed"
"PRESTO","cdd02520"
"PRETPK","a8cb4a3c"
"PREZ","768813bc"
"PRFOOD","d0570576"
"PRGABZ","8aad012c"
"PRIDEV","b8ea2a2f"
"PRIMBP","b45bec97"
"PRIMCO","e0ac576d"
"PRIMIN","8f80db86"
"PRINT","8b8cd874"
"PRM","d9a44960"
"PRMIAN","65c9ca17"
"PRMIER","e5922ce4"
"PRODRG","a10320db"
"PROFAC","2e81e3e3"
"PROPEX","90b0d04"
"PROQST","b66d6415"
"PRORES","21e9faba"
"PRRAIL","bb72b36e"
"PRSESE","cce23b9f"
"PRTART","42348226"
"PRTL","62ae6540"
"PRTY","31b5f668"
"PRV","b0b5bb38"
"PRW","7be9689d"
"PRX","8abfda48"
"PRXL","a50e0f34"
"PSAAU","720674ce"
"PSD","58dc131c"
"PSIX","304ad85d"
"PSS","460f213f"
"PSSI","3b6ecae3"
"PSTI","fec9f46d"
"PSYS","3d53b450"
"PTAC","60716d7b"
"PTC","807e1d2a"
"PTEL","6568fbbd"
"PTGI","a23a7b27"
"PTICN","3b0ce1c3"
"PTINTI","171d6194"
"PTMK","4b828562"
"PTNR","5eb3ccac"
"PTON","8cd005f8"
"PTPAB","b8a51a91"
"PTRY","940acad5"
"PTSAC","fd76ced7"
"PTV","d3658e02"
"PTX","e96fef72"
"PUEBLO","cb2cdd45"
"PUMAFN","9157f455"
"PVA","5a29ad08"
"PVAH","48939ac5"
"PVH","7d26fcc0"
"PVR","df6bdd3d"
"PWRLNG","693ea3b6"
"PXD","5adb47e6"
"PXN","fb406480"
"PXP","c29c076b"
"PYTV","9d8958eb"
"PYX","88b88eb2"
"PZE","618856a"
"PZL","2117d4a2"
"PZZ","f4983524"
"QANAU","c6d267ab"
"QBRCN","2ac59c7b"
"QCPSNF","c6c48540"
"QEP","83ffafb"
"QHC","ecaaeb0e"
"QHGI","9e554b00"
"QINAU","7d0ac5b3"
"QLTY","4fffc132"
"QRE","f95dcb93"
"QRVO","64de1284"
"QSRCN","917eca49"
"QSTDV","7d337db6"
"QTRN","9da2ecb5"
"QTS","4f021f2f"
"QUAD","a6a5491e"
"QUAPAW","e78284e9"
"QUOHEA","a1deb070"
"QUS","e975149b"
"QUXCN","73a4af0b"
"QVCN","1e2e7cb2"
"QWECOM","bedd69b0"
"QWST","1717c11f"
"RA","725c8d74"
"RABENT","2d2fc2b7"
"RACIA","1d48c793"
"RACIAQ","cb7e22e1"
"RAD","eab89986"
"RADHOL","8cc225ae"
"RADIAT","ffd2de9b"
"RADIO","2d87affa"
"RAFAPP","58f938c4"
"RAI","56268a58"
"RAICOM","ebbb0d0a"
"RAIL","b8658600"
"RAILAM","62a464fb"
"RALPHS","af6323e8"
"RAME","6b25f3db"
"RAMGEN","10f97f1c"
"RANDAL","1e7cc122"
"RANHMK","93768ea1"
"RARERG","a4d30649"
"RATE","99632ac6"
"RATHGI","4320b80b"
"RAX","9eac5b66"
"RAZR","d78f63b8"
"RBACN","33c611b0"
"RBXCOR","49b75075"
"RCCC","af666ce6"
"RCI","c1b99b71"
"RCICN","f7581e46"
"RCII","aa8d10ce"
"RCL","91740ac2"
"RCN","dcbcabc9"
"RCNC","ceb10d26"
"RCNTEL","927d0427"
"RCOLIN","a030f185"
"RDA","e84d2792"
"RDC","a5858699"
"RDDY","c2497a8c"
"RDEN","7aed431b"
"RDIO","7611faca"
"RDL","54d3344c"
"RDNT","daa7361c"
"RDSDPW","d62ca62"
"REAALL","e119c12d"
"REABLE","48999706"
"REALMX","442c9fc5"
"REALOG","21333ea2"
"REDOAK","c2d6c728"
"REDPRA","90e0419a"
"REEVES","ad935d8e"
"REGIND","3a2a3056"
"REGL","6c10f3a7"
"REI","a269ae4b"
"REICHH","773a024d"
"REMARM","fb90060f"
"REMING","2990c866"
"REN","bf6c9ef3"
"RENCO","45dbbd70"
"RENCOS","bfeda352"
"RENMED","10c4dc0d"
"REPAP","49f53f0e"
"REPSTL","300d73e0"
"REPTEC","a375f56"
"RESORT","aec1de8d"
"RESPER","7f7abc57"
"REV","50e91e05"
"REX","6ae37f75"
"REXNOR","306e5edd"
"REXX","65c15f0d"
"REYNOL","1ec92975"
"REZI","3ad49f1a"
"RFH","58dd6773"
"RFP","b758e785"
"RFSPAR","60022347"
"RGC","946d9c04"
"RGCARE","dbf48fcd"
"RGNC","4afb03dc"
"RGP","112fec31"
"RGX","fd7c6e5c"
"RHA","2fed4de6"
"RHC","6225eced"
"RHD","7f20dc55"
"RHDC","37ab4e3e"
"RHP","e7679cd8"
"RHR","aaaf3dd3"
"RHS","61f3ee76"
"RICE","e8ff9333"
"RICHMS","9e6ba9f4"
"RICOH","e24f0179"
"RIDBEL","aaa526dc"
"RIDL","a57fc75"
"RIFACQ","d6442dc6"
"RIFP","e9dc2fbc"
"RIG","5fc3a54f"
"RIV","97497471"
"RIVER","d0294085"
"RIVPIT","3e2890ff"
"RJR","3d302cfa"
"RJSPOW","7acc2927"
"RKIEXP","27c72741"
"RKT","4d1ec453"
"RLGY","20447ba4"
"RLNCE","48e3284d"
"RMCCAQ","4082dea7"
"RMIX","778dd3c2"
"RMK","dc4e4127"
"RML","c14b719f"
"RMOC","7d4c14a0"
"RMY","9250e2b7"
"RNBW","a53320e"
"RNDY","53896644"
"RNF","51384864"
"RNHEF","453e4ed8"
"RNK","eda65bba"
"ROADHS","b814cbdd"
"ROC","a782d263"
"ROCFIN","cdf8fed7"
"ROCGAS","8df5a16b"
"ROCK","149afbc4"
"ROCKIE","3c3a1bc5"
"ROCKWO","aa40df30"
"ROHI","5b550e35"
"ROIA","117187ec"
"ROIAK","d63e6dc8"
"ROLLER","3035855a"
"ROOSUP","8635a7dd"
"ROSE","494e067a"
"ROSEMO","d0a44cf3"
"ROSNEF","992e4f0a"
"ROTECH","f9ff6adf"
"ROUNDY","bec38d7a"
"ROV","f499414b"
"ROYCLA","1f98a52e"
"RPAPF","b957f79"
"RRA","ec438e66"
"RRC","a18b2f6d"
"RRD","bc8e1fd5"
"RRI","100c0b"
"RRMS","4c9e2495"
"RRR","6901fe53"
"RSC","7fc24d9"
"RSCR","1b578cf3"
"RSH","6d3bd41a"
"RSIHPI","9f8deeb8"
"RSLC","25952d24"
"RSLCOM","82771990"
"RSPP","a9abab"
"RST","192f16fa"
"RSV","54e7b7f1"
"RT","21471e5c"
"RTHM","e115615e"
"RTSX","d7d73a42"
"RUE","b275f2fe"
"RURL","254d71e5"
"RURLC","43856bf7"
"RUSCN","c5f9085e"
"RVBD","204f68a5"
"RVW","cd834bf3"
"RWKS","67ae1fcb"
"RWY","51fe2137"
"RX","5685de27"
"RXLFP","fac980c2"
"RXN","b96563fd"
"RXR","cd71a11d"
"RYAM","ef88315c"
"RYI","21758f1"
"RYK","4fdff9fa"
"RYL","52dac942"
"RYN","1f126849"
"RYO","d44ebbec"
"S","eedaafe9"
"SABESP","7139a26f"
"SABHEA","26b8cf74"
"SABHLD","e3ed1b14"
"SABIC","73e80d38"
"SABLIN","9404192f"
"SABR","94c5a552"
"SADIA","f84fa5b4"
"SAEX","f0f9b8ba"
"SAFEL","c154db63"
"SAFETY","ce7d9c25"
"SAFWAY","c505191a"
"SAH","51d05963"
"SAIVST","9ac9486c"
"SALEM","9bc8140e"
"SALLY","96171150"
"SALM","367a6e41"
"SALTHC","e971f049"
"SAMC","aa070485"
"SANM","a1e57f68"
"SAPSJ","a9d7a926"
"SATMEX","955ba9b8"
"SATS","5b97df03"
"SAX","52065bf8"
"SBA","47371236"
"SBAC","e3286912"
"SBACOM","7adacbd1"
"SBGI","21637f4e"
"SBH","603843fe"
"SBLK","6eac8abf"
"SBLSJ","bb4eb187"
"SBMAU","75258cb0"
"SBO","7d3d7346"
"SBRA","f8d64e4a"
"SBSA","5ea145fe"
"SCAFF","7514c307"
"SCAI","8e194aea"
"SCAN","931c7a52"
"SCFRU","690202f6"
"SCG","3719fa9f"
"SCGIND","f6ba9fd1"
"SCHAEF","b529be44"
"SCHI","1b810f39"
"SCHL","4b4c9e8a"
"SCI","d139bef"
"SCINTL","1b400cb7"
"SCOTS","c3c4cffa"
"SCR","640269b7"
"SCRIBE","1c11213e"
"SCS","af5eba12"
"SCY","ec59974"
"SD","84e61773"
"SDFGR","2580ecee"
"SDII","b7330d94"
"SDS","6af9849c"
"SDSINC","f84fa76d"
"SDW","f168c68a"
"SE","4fbac4d6"
"SEAGAT","68aaf65c"
"SEALY","50fe558d"
"SEAWNO","8b4845c6"
"SECRUS","fc9369f0"
"SEE","19016eae"
"SEISMC","f2f033c2"
"SELA","c5f2a0c0"
"SELMED","ffbc2b4b"
"SELMER","2a33cacd"
"SEM","f552ecc3"
"SEMCF","3998065"
"SEMG","b5dc4869"
"SEMGRP","4339c10d"
"SEMHRK","f30821f9"
"SEMTRI","95d4a496"
"SEN","73c69e6d"
"SENDA","55b489b0"
"SENECA","31b2bcf1"
"SENSAT","4fe2065c"
"SENSUS","c1768e39"
"SERSIM","1220aa0d"
"SERSOF","1b376ff4"
"SERV","ecc07570"
"SESI","b837ce8a"
"SEVENS","9639ec8"
"SEVERS","a91d6872"
"SEVGEN","f609dc0a"
"SEW","571fcd3e"
"SFD","e3b5a796"
"SFDS","368c4ad4"
"SFI","5f2bb448"
"SFL","fe625fb"
"SFP","7bf2e71b"
"SFR","363a4610"
"SFRFP","18385106"
"SFS","fd6695b5"
"SFX","97a16576"
"SFXBA","b53db8e3"
"SFXE","437d5de8"
"SFY","5cfdb6d3"
"SGBCN","181c3822"
"SGCLN","22fe4855"
"SGGH","a2dfa28f"
"SGM","62cdfdea"
"SGMS","6fbe0f99"
"SGO","2f055ce1"
"SGOFP","e8fd61bf"
"SGR","904d4da4"
"SGRHSE","18f916a0"
"SGS","5b119e01"
"SGSINT","dab2e4d"
"SGU","8d487d1c"
"SGY","fa8abd67"
"SHAEFF","54c8e78f"
"SHALES","29747511"
"SHASHU","3b61d44b"
"SHEAHM","b79633e7"
"SHEARE","986b720a"
"SHEFLD","6e134f25"
"SHERDN","4961df5"
"SHESCR","798fe105"
"SHF","fe427dc0"
"SHG","351eae65"
"SHIMAO","de5d3164"
"SHINGL","b5967113"
"SHIPFI","2a1dc80d"
"SHISFB","ce553f2d"
"SHLD","e3a24a2"
"SHLM","2935756a"
"SHLR","dbb5c524"
"SHP","2bcd9c46"
"SHPRS","87da479a"
"SIDDRI","5ff0c368"
"SIDE","3a23b9fe"
"SIDEUS","f4b0dc85"
"SIEHAM","d2830621"
"SIG","9369a5d1"
"SIGHCO","26229e85"
"SIGINT","e24e0d83"
"SIHUS","fa5847c9"
"SILIIA","f6a73ef8"
"SILSEA","dc7c796f"
"SIMFOO","61266c5d"
"SIMIND","74b68586"
"SIMMON","f710a3ae"
"SIND","550f3515"
"SINOFO","d27c0e60"
"SIRI","49efd071"
"SISFIN","ada81321"
"SITE","5dfd2530"
"SITEL","44124f2d"
"SITEQ","fb5a5e68"
"SITHE","2ca7f25"
"SIX","61e9159f"
"SIXF","1cc93dea"
"SIXFL","225540ff"
"SIZPLT","4baa938c"
"SJKI","35260e8f"
"SJRCN","95e8ee5e"
"SK","75b0a5a6"
"SKGID","b323b97a"
"SKH","f5a0062d"
"SKI","3efcd588"
"SKIL","3ede8e8b"
"SKILHC","1b9a0f51"
"SKM","a56d979e"
"SKO","e8a53695"
"SKS","9cb1f475"
"SKT","81b4c4cd"
"SKYT","b68592b3"
"SLCM","5b370b79"
"SLEEP","ca80f937"
"SLG","c1518a76"
"SLGN","29ec5dc4"
"SLH","300738a3"
"SLMC","31021154"
"SLOT","b84e325e"
"SLR","924a195e"
"SLT","4413fa43"
"SLXP","81a6d208"
"SM","a3e946bb"
"SMBI","aa7b4245"
"SME","2aee20c9"
"SMFT","e17c7713"
"SMG","672681c2"
"SMK","10e441b9"
"SMLP","de9d6a4b"
"SMNS","cf9609cc"
"SN","257d3415"
"SNFF","21edd360"
"SNH","a798298a"
"SNOENT","ece5a1ad"
"SNS","ce89dbd2"
"SNY","6f12f8b4"
"SO","ee21e7b0"
"SOA","26e073f6"
"SOCP","6af01ddf"
"SOFTBK","2ab59747"
"SOGAS","c3f39432"
"SOGC","1bfd49f9"
"SOI","cab3f19b"
"SOL","9a7e6028"
"SOLAGP","b0e9ff69"
"SOLOC","cd70f1a2"
"SOPHIA","7de7ff44"
"SOUSTR","95ea1a4d"
"SOVER","4cf15231"
"SPB","31e2ed7f"
"SPBCN","d0bd179a"
"SPBI","4dc566bf"
"SPC","fabe3eda"
"SPCB","81759dc8"
"SPCHEM","8e6df19a"
"SPCS","49ff4cf6"
"SPEB","e2a5a8f2"
"SPECEQ","d40956a6"
"SPECFD","b6fadf13"
"SPEEDY","5842d6f8"
"SPESPI","72d15412"
"SPF","aa73af69"
"SPH","9079ce19"
"SPLLOG","d0754c99"
"SPLS","bfb73c1f"
"SPN","46202d04"
"SPOT","935a163a"
"SPR","3234efe4"
"SPRIND","dc74a204"
"SPRINT","dfa2a09f"
"SPSN","9169c17d"
"SPSQL","dd250ac3"
"SPSX","44e620fb"
"SPW","62f97e57"
"SQA","11019465"
"SQACRP","f021d71"
"SQRTW","3dddc3e1"
"SRCI","a9976a76"
"SRCL","f95afbc5"
"SRI","ccba0c95"
"SRNA","241389db"
"SRNCOM","82cd85e8"
"SRP","e8635fc6"
"SRSDIS","8f8b7f06"
"SRV","3e3abcdb"
"SRX","430ddab"
"SSCC","c4a6498e"
"SSE","1d0fc75a"
"SSEI","6ed5fd2"
"SSI","6acd0721"
"SSIINV","57c8663b"
"SSNC","a571284e"
"SSP","4e145472"
"SSTAR","b06fc03a"
"ST","873015e8"
"STACAS","398922c8"
"STAERO","ddc46ffc"
"STANAD","bc5f053a"
"STANMA","2b32fefd"
"STAOIL","af49c9ae"
"STAR","91768080"
"STARMT","533d49b1"
"STASTE","a55b410c"
"STATSP","3922e5b3"
"STAY","fbb17043"
"STBRO","87a40249"
"STCBRD","9330bea0"
"STCCN","41fb4608"
"STCH","a4a4b054"
"STCI","6ff863f1"
"STCK","2230c2fa"
"STEI","c2856cb"
"STENA","17159c9a"
"STENOR","6403ceed"
"STER","6539a493"
"STERV","a9b85803"
"STEWST","71d0f14a"
"STGE","ec758799"
"STKPLE","eacb1ed8"
"STLD","252e00c6"
"STN","b26f0917"
"STO","7933dab2"
"STOCON","1e3c9342"
"STON","b55d393d"
"STORA","26ab76e8"
"STRC","fcad7ed"
"STRTUS","492bdc93"
"STRZA","f2fa1c75"
"STUA","87a54868"
"STW","96b65a44"
"STWD","40f7c8f2"
"STX","67e0e891"
"STXX","c2ab7afb"
"STYL","fc9b31c2"
"STZ","2a28499a"
"SUG","3317536b"
"SULGR","ffba614"
"SUMIML","949f7c10"
"SUMMAT","38f09868"
"SUMMPL","16dc8fe4"
"SUN","141802a3"
"SUNASC","b8400e26"
"SUNE","b547c2d4"
"SUNH","9d9d10a"
"SUNMED","f6e48225"
"SUNPRD","b323049f"
"SUNSAG","ed0ef781"
"SUNST","816faa9"
"SUNW","fb596144"
"SUPMKT","c10f6200"
"SUPTEL","1d41b3ab"
"SURCEN","8010214"
"SUSMED","ab6b2703"
"SUSS","66c1de5c"
"SUZANO","38a7202e"
"SVEV","bc8de1f8"
"SVKING","579d54c7"
"SVM","a3646a90"
"SVMSTR","59495006"
"SVR","51e4dade"
"SVU","4ce1ea66"
"SWEETC","7f0d70b2"
"SWFT","c075af0"
"SWIFTC","17b68445"
"SWM","5136124"
"SWN","8387138a"
"SWROY","1114132f"
"SWW","a75e40d9"
"SWY","9d5421a9"
"SXC","c95170bd"
"SXCP","1c8e25ed"
"SXT","d782429e"
"SYD","72234bb1"
"SYGNET","cd22d188"
"SYGR","69a3a06b"
"SYMC","5592e1b"
"SYNCIM","19fd4b25"
"SYNH","5e76c445"
"SYNVER","1886ae50"
"SYRA","d9076337"
"SYSTEM","f5acbc45"
"SZA","1306c09f"
"T","f3df9f51"
"TA","118cb84e"
"TABLE","1555dafb"
"TAC","31d2a0b9"
"TAL","c084126c"
"TALPRO","f06ce8cb"
"TAM","bd8c1c9"
"TAMGCC","270293bb"
"TAPENE","8f26b33d"
"TARRES","2616f5"
"TASFT","c9be653e"
"TAST","e754bcfc"
"TAYMON","3cd0e5a4"
"TBI","a1a19942"
"TBSSHP","d783aa45"
"TCELL","1669aaac"
"TCGI","89a81219"
"TCKBCN","a49327b6"
"TCKCN","b863697c"
"TCMCN","7e0c60fb"
"TCMS","8f956caa"
"TCOM","21d61e68"
"TDCDC","76de3250"
"TDG","f87bcd08"
"TDGCN","8bad11fa"
"TDHC","d4be488f"
"TDHDV","78afbd2e"
"TE","8a1dfa58"
"TEACLL","4b890c13"
"TEAMHL","aa4c3a32"
"TECPET","ed56d778"
"TECPLS","65cba213"
"TEHEIN","3eb53d63"
"TEINEN","b3045f02"
"TEK","29ce06c7"
"TEKNI","b7ab418e"
"TELARG","a5c5fb69"
"TELCO","ae0ca4a"
"TELCOR","b2f29232"
"TELECP","fef550ca"
"TELEXC","1e6ee8cb"
"TELMUN","10c28160"
"TELONE","5df9beea"
"TELSAT","482f3b59"
"TELVIS","2e254be2"
"TEMBEC","5d9089f"
"TEMPEL","ca118c1c"
"TEMPUR","94137339"
"TEN","79039774"
"TENALA","6a8bd761"
"TEP","40dff49f"
"TERFIR","fdc0308f"
"TERP","5ef8fba4"
"TESLLC","e1c9c69d"
"TEU","1012652c"
"TEUCN","a24833ef"
"TEVEC","f38912e8"
"TEX","ac8c76f2"
"TEXBOT","592d62cc"
"TEXPET","c3c30bd4"
"TEXTEX","304bc555"
"TFCAU","df9fd4f7"
"TFM","ce7fff47"
"TFMSAD","b7b59682"
"TFSCRP","617df894"
"TFX","9d646c6f"
"TGI","f399b6e5"
"TGN","ee9c865d"
"TGNA","7429db5d"
"TGNT","27324875"
"THC","a44ae56a"
"THCX","e807fb62"
"THF","f48774d9"
"THMD","cc2c42df"
"THR","6cc03454"
"THS","a79ce7f1"
"THX","cd5b1732"
"TIAUTO","39c47436"
"TIBX","82daf048"
"TIGPLN","9d5302d4"
"TILE","6dad9a50"
"TIMBZ","d512a15c"
"TIME","cbda91e4"
"TIMSQU","e9ea80ff"
"TIN","bea3fd00"
"TITAN","1f49d14c"
"TITIM","aa32ed85"
"TIW","9a7aae53"
"TIWCN","659c786"
"TK","b0179b28"
"TKOCN","87f1c59e"
"TKR","5d282ec9"
"TKTM","97eacde9"
"TLACQ","49a0a2b"
"TLCR","cdd6d6fe"
"TLLP","7656071c"
"TLMD","48664c25"
"TLN","ec9bd2a7"
"TLNET","eea7bc0e"
"TLP","d547b14c"
"TLRD","d9f0a002"
"TLWLN","ba86f220"
"TMA","bbba6bc6"
"TMAR","96e3c749"
"TMBCN","6feea9c5"
"TMENRU","8d8fbcfa"
"TMG","6de388db"
"TMGROU","8e644d16"
"TMH","9cb53a0e"
"TMHC","cbf153a4"
"TMM","cc78abbd"
"TMRK","e40c1249"
"TMS","f5a4c856"
"TMUS","ce2eac31"
"TNB","cc603f5"
"TNC","c79ad050"
"TNETBB","f2ce84f7"
"TNP","42d8a065"
"TNTLOG","d7310828"
"TOA","2c257aef"
"TOCLUB","63311e9d"
"TOK","8dbe5989"
"TOL","90bb6931"
"TOLL","8ccdc21f"
"TOLMEX","b5b16ce1"
"TOM","5be7ba94"
"TOMA","9624da75"
"TOO","162f1b9f"
"TOUS","8c0bab4c"
"TOWNS","abdcce89"
"TOWNSQ","36aa4f92"
"TOWR","d0c869c0"
"TOY","c3a0fa19"
"TPC","f07b37c3"
"TPCG","b5d961b2"
"TPGE","c5ee4aa"
"TPH","9abcc700"
"TPLM","e20a323d"
"TPORT","ca80afb5"
"TPP","753947f6"
"TPX","996ac59b"
"TRA","2a2c87e1"
"TRADIG","bcc140ff"
"TRADR","23abdfe8"
"TRAGAS","99e649f6"
"TRAINT","67211b95"
"TRANEN","cdae678b"
"TRANSU","a0b13c27"
"TRAPUB","b4831827"
"TRAREF","ae9c182"
"TRB","acb8f54f"
"TRCO","1bafe4a2"
"TRECN","16522d7c"
"TRENCH","25cbe0a0"
"TRI","c67f058c"
"TRIBAL","985e55c4"
"TRIH","a2da8b54"
"TRIINT","dcf9b98d"
"TRIMAS","b3fef726"
"TRINSE","18bf9ca4"
"TRIPAC","5796d147"
"TRISM","a0b7d653"
"TRISTN","50617613"
"TRITEL","d6c5497b"
"TRITON","3f7db73e"
"TRK","8bb7a487"
"TRMA","719afe8f"
"TRMP","b9102fb1"
"TRN","db7a3534"
"TRNIDU","d7b458af"
"TROPEN","6c5d9f00"
"TROX","c2dcbcf5"
"TRPC","3a5ba28a"
"TRS","64322471"
"TRUATL","69c3502b"
"TRUCK","3a248de4"
"TRUE","be3a6e30"
"TRUETB","d7833fa1"
"TRUHEA","bbbcfa4"
"TRUN","d4fd9ef3"
"TRUNDV","7570ffb4"
"TRUTEM","576d2bbb"
"TRVCTR","2bb70878"
"TRW","ffa36667"
"TRWAUT","ec7f3ef"
"TRX","ef5d4b2"
"TRY","c5a90717"
"TSATA","d64c2750"
"TSCOLN","55a8617e"
"TSEAU","ffa7da4e"
"TSG","5a026f48"
"TSGICN","3863491c"
"TSIACQ","d1c43975"
"TSITEL","39072245"
"TSIX","6da68951"
"TSLA","1b47f5a5"
"TSN","7d0d3e80"
"TSO","b651ed25"
"TSQ","8f8d8ece"
"TSTONE","6051af2c"
"TSY","63de0ca3"
"TTE","d26df0cd"
"TTII","afe95176"
"TTMI","5ba67565"
"TTMTIN","c5fa34f"
"TTN","b8aa000e"
"TTRR","a3216b1a"
"TTX","6d25e188"
"TTXG","544aa77c"
"TUC","a2431864"
"TUES","6ae1a61"
"TUP","27016851"
"TVGUID","f0b5da14"
"TVL","62fdb02c"
"TWA","7814a846"
"TWI","94472a2b"
"TWINLB","72058b7f"
"TWR","fd56d873"
"TWRAUT","a2797de4"
"TWRS","e6f2bf5c"
"TWT","2b0f3b6e"
"TWTC","86f488fd"
"TWTEL","c2cccdb7"
"TWX","5ccdfb15"
"TXI","620f5ac2"
"TXT","dd474b87"
"TXU","161b9822"
"TYC","65e37210"
"TZA","19c3c986"
"TZC","540b688d"
"TZH","3ecc984e"
"U","38834cf4"
"UA","b7fbb3fa"
"UAEA","a73a9263"
"UAG","66e9e231"
"UAL","c2e12f2"
"UALAQ","168d82ba"
"UAN","41e6b3f9"
"UAPH","b5d370c2"
"UAUA","c0e40ead"
"UAWGQ","548c9afd"
"UCARB","700a498b"
"UCD","77e281b6"
"UCII","ceec7d07"
"UCM","50edd07e"
"UCO","1d257175"
"UCOMA","7282c530"
"UCR","a26d6030"
"UFI","9944bdcf"
"UFS","3b099c32"
"UGPABZ","f2dcc87a"
"UGSCRP","4f314c6a"
"UH","90f4e232"
"UHAL","f0a4be85"
"UHALQ","40fc40f0"
"UHOS","521b7596"
"UHS","6b36e76f"
"UIHIA","192662a4"
"UIS","cd41ecdb"
"ULAB","4ee4d10f"
"ULB","57f31242"
"ULTR","78d460fd"
"ULTRAP","35976db2"
"UMC","3ad8ca53"
"UMG","a1498845"
"UNA","46f871c5"
"UNC","b30d0ce"
"UNF","5bfd417d"
"UNIDAS","50ad52ab"
"UNIT","eaa17993"
"UNITED","c68a75b0"
"UNITY","5861720b"
"UNIVAR","a56fb758"
"UNMTGR","d976d413"
"UNO","7cf210b5"
"UNP","8e72a0fb"
"UNS","8e6d255"
"UNTUS","b8337e23"
"UNWR","b197d1d"
"UOUT","86758fb7"
"UPCB","f26fe442"
"UPCNA","8188b456"
"UPCS","3ae5357c"
"UPL","cd878588"
"UPMKYM","80eb1112"
"URBIMM","8a13b15e"
"URI","ad50512"
"URS","a89824ef"
"USAC","2023212d"
"USAI","81b8024b"
"USC","d392dc0"
"USCOAT","57bcfe83"
"USCR","7f36e13a"
"USFC","e5841fa3"
"USFOOD","4ec2c20a"
"USG","96a86fd6"
"USI","aca20ea6"
"USINV","3716a678"
"USLTHR","ea15bae1"
"USM","37334cb0"
"USNCOM","85ba2495"
"USON","cc8249ae"
"USPI","40119531"
"USS","eef2f5b"
"USTR","dd4f437a"
"USU","d8b6cc46"
"UTDAGR","71024c26"
"UTDCOM","f248b572"
"UTDIND","e2f0f3c6"
"UTICOR","f187e26b"
"UUUCN","e14a1aa0"
"UVN","e39f11b9"
"UVV","c1a914f"
"VAC","73f7a7c4"
"VAHAU","e2617555"
"VANDE","75e051ee"
"VANGNT","39e7455c"
"VANGUA","f251e40"
"VANTIV","43bcec11"
"VATOCG","377987f3"
"VC","cbdb086c"
"VCA","a9a017e6"
"VCELA","ae02694f"
"VCG","7ff9f4fb"
"VCI","45f3958b"
"VCIC","56fa62a4"
"VCICE","94744eff"
"VCVHHO","f9eba0c6"
"VDO","560d4818"
"VECTUR","80f71f90"
"VED","9abdb36f"
"VEDLN","e0e4a28e"
"VENCRL","fbbd9d90"
"VENOCO","eb2f6d0b"
"VENTUR","71b8f8c7"
"VER","4f3252e9"
"VERASU","71c2736f"
"VERIO","c3546620"
"VERITS","b1d9b549"
"VERMAT","1d703862"
"VERSO","faa5a0"
"VERTEL","654eb687"
"VERTIS","506e6cbd"
"VESTEL","7235a2c4"
"VESTL","8f63e91e"
"VETCN","6a17e34c"
"VGR","d8ad43c0"
"VHI","47f4c171"
"VHS","e5b9e08c"
"VIA","dd048a8"
"VIANTH","5d7cd032"
"VIAS","f7033290"
"VIASYS","b2046750"
"VICI","c2d10244"
"VICIPR","2f4df443"
"VIICN","6b9d34a2"
"VIKACQ","97d2b913"
"VIKCRU","8fcf6b02"
"VIP","c55a9996"
"VIRGIN","72eabbe"
"VIRID","4fa765f7"
"VISANT","b1d0a909"
"VITRO","86d65487"
"VITROA","d2e96a94"
"VIZIEN","6edc71e0"
"VJET","90c621d8"
"VKSC","46b1ba91"
"VL","3a8dbab9"
"VMC","b457cdb0"
"VMED","99d52a5a"
"VMI","15cceed6"
"VNGHLD","2926a994"
"VNR","4d350613"
"VNT","9b6ce50e"
"VNTR","37c5b45"
"VNU","503036ab"
"VOD","3ecdec21"
"VOHOFF","fa20fa27"
"VOLSER","2577d55f"
"VONHOF","1667cf67"
"VOSTOK","dc625dfb"
"VOTORA","3e40c327"
"VOUGHT","6a6b9c79"
"VPI","13c513d8"
"VQ","85c5abfc"
"VRDLN","28458d36"
"VRES","229d3bfe"
"VRI","845a02f1"
"VRIO","9129936a"
"VRS","2617230c"
"VRSN","99db834f"
"VRTS","e334ac84"
"VRX","4cd0d3cf"
"VRXCN","f519d9bb"
"VSAT","77d2fcb"
"VSE","55efc93e"
"VSPCIN","9d1e9ce3"
"VST","9d651800"
"VSTJET","ba509d4d"
"VSTN","90d6bd5f"
"VSTO","5b8a6efa"
"VSTR","e4c27fbf"
"VTCN","386a1606"
"VTG","dd8056bb"
"VTIV","739fc9be"
"VTK","aa4296c0"
"VTO","31d3d4d6"
"VTR","8e9bc593"
"VTRU","90d27324"
"VVV","829596ac"
"VWR","bf73df0e"
"VWRINT","4c2917a4"
"VYTL","4cde009c"
"WAB","740174ff"
"WALB","9ac08d98"
"WAMNET","dcace988"
"WARMUS","5b81cfbd"
"WARPIN","a3090cb8"
"WARREN","268c61b1"
"WASPRO","1af7036a"
"WATCOS","febf6785"
"WATERF","6dc20024"
"WATJET","58851358"
"WAVHOL","7fa3e31b"
"WAXS","c1dbe47b"
"WBB","45e96e62"
"WBDFRU","21f88e80"
"WBN","322bae19"
"WBT","90668fe4"
"WCAA","3fa6998b"
"WCC","28c2b673"
"WCG","b353f465"
"WCI","89599515"
"WCIC","418176e7"
"WCICOM","9e197175"
"WCII","e01a5581"
"WCOM","185b22ad"
"WCRX","4d494c8b"
"WDAC","78ab3199"
"WDC","ed6588fd"
"WDEQ","c2fab61a"
"WDRY","8cd09637"
"WEEKHM","6371d71d"
"WEIGHT","f6336215"
"WELLSA","d70c6010"
"WELLSE","4c9d2206"
"WELSHC","5a862aa8"
"WELTEC","31944271"
"WEN","f78c9097"
"WERNER","7067274f"
"WES","48c481d2"
"WESCHI","f4dfb545"
"WESLAK","f5af4331"
"WEWORK","70fa938d"
"WEX","22037111"
"WFR","b27048ea"
"WFT","6429abf7"
"WFTCN","bc58b4b7"
"WGR","1407435e"
"WHC","2ac5e289"
"WHISLD","ca5f0fc"
"WHX","43d410d1"
"WIICOM","893be1bc"
"WIKS","4408799d"
"WILCAR","61136fe0"
"WIMAR","e39e82af"
"WIN","302cfae3"
"WIND","8e36419"
"WINDAC","8daa9f41"
"WINDIM","844fb056"
"WINFIN","40fec585"
"WINGS","c59d63d3"
"WINPET","9fc7b6a0"
"WINSWY","5d972f7a"
"WINTRE","717ecb24"
"WIREG","e1511613"
"WIREWG","946bc558"
"WIRL","44ce10ce"
"WISMET","25f6377c"
"WLB","15d6153f"
"WLBA","d76e91ba"
"WLH","b44d3659"
"WLHFIN","d5cd774b"
"WLK","32d944f7"
"WLL","2fdc744f"
"WLNK","b155d8a8"
"WLS","dd5cc401"
"WLSC","5b0fa7cb"
"WLT","c059f4b9"
"WLV","8d9155b2"
"WLVT","17e4ba4f"
"WMB","b3a11e8b"
"WMG","e36c8f38"
"WNC","4915d7b3"
"WNR","819f068d"
"WNRFCO","87fae372"
"WNRL","4e0b19d7"
"WOL","1e346ed2"
"WOLF","14dbddbc"
"WOODHO","75957eed"
"WOOF","2533c721"
"WORFIB","70d6c4dc"
"WORLDS","484b68ea"
"WORNCK","204cd1ef"
"WOWFIN","4d8341e8"
"WPETRO","890bdcbd"
"WPI","df6f1346"
"WPROCK","3a430b14"
"WPSN","cc859071"
"WPX","17e5c278"
"WPZ","5a2d6373"
"WR","a526d2e6"
"WRC","e96b2109"
"WRCARP","383ffa0b"
"WRCMED","55ae0d89"
"WRD","f46e11b1"
"WRES","35e62fbd"
"WRN","55f532d7"
"WRNC","343779dc"
"WRNGLR","75365243"
"WRTL","6cf0889"
"WS","6e7a0143"
"WSII","9ca164aa"
"WSPKHD","88997044"
"WSPT","d1afacf2"
"WSTC","3b33bac2"
"WSTEXP","3f66ef39"
"WSTSRV","f79b6bc6"
"WTI","2b203755"
"WTOCN","1fbff33d"
"WTW","12fc54be"
"WWAV","d9849479"
"WWCA","50c8b773"
"WWW","23144e23"
"WX","4bdf180"
"WXS","4ecd7cdc"
"WY","cfe12225"
"WYG","70fd37e5"
"WYLE","289b97be"
"WYMN","e42b6cc9"
"WYN","57f2662d"
"WYND","74585532"
"WYNN","d5c37654"
"WYNNLV","908f089"
"WZR","120ebe50"
"X","841d5f2a"
"XCO","862064a4"
"XEC","923291e5"
"XEL","63642330"
"XIDE","b8762723"
"XMSR","8096b9ba"
"XO","ec26b34a"
"XOG","add38cbd"
"XOXO","7ffcfb78"
"XPO","d016e2f7"
"XQ","d5fad0a1"
"XRGCN","4e4bca8f"
"XRM","a4152d5"
"XRX","595ac1fd"
"XTEX","46f71928"
"XTO","2459c6e4"
"XUPS","d57c5a1c"
"YBTVA","3bcdd4b4"
"YCC","3d48a441"
"YELFIN","2642268b"
"YELL","ec423980"
"YFM","557aea96"
"YLLG","99cad268"
"YONKER","37272381"
"YORKRI","b6bbc2fc"
"YPF","3bb3b3a1"
"YRCW","5658303"
"YRICN","b403b383"
"YUM","34c6cc5"
"YUZHOU","c17d49c8"
"Z","c9d5fe21"
"ZACHRY","772c704"
"ZAYOGR","6b784558"
"ZBRA","5475f811"
"ZD","117e52a0"
"ZDMED","c6ef2bdd"
"ZEKIND","66dd2207"
"ZFFNGR","3677d31f"
"ZHAIK","41821527"
"ZHAIKM","733a5d46"
"ZHMNKZ","81189568"
"ZIGGO","5b3831a8"
"ZINC","e4a9b3f6"
"ZLC","458fd34b"
"ZLG","de1e915d"
"ZNET","f2b8dc36"
"ZQK","afd5ac28"
"ZZ","28a2314b"
